premises_suburb, state, premises_post_code, division_name, polling_place_name, polling_place_id
"BAYSWATER","VIC","3153","Aston","Bayswater","2942"
"BAYSWATER","VIC","3153","Aston","Bayswater South","83798"
"BAYSWATER","VIC","3153","Aston","Bayswater West","2945"
"FERNTREE GULLY","VIC","3156","Aston","Blackwood Park","2947"
"WANTIRNA SOUTH","VIC","3152","Aston","BLV Aston PPVC","65510"
"BORONIA","VIC","3155","Aston","Boronia","2948"
"BORONIA","VIC","3155","Aston","Boronia ASTON PPVC","63158"
"BORONIA","VIC","3155","Aston","Boronia East","4273"
"BORONIA","VIC","3155","Aston","Boronia North","4274"
"WANTIRNA SOUTH","VIC","3152","Aston","Divisional Office (PREPOLL)","30188"
"FERNTREE GULLY","VIC","3156","Aston","Fairhills","2950"
"FERNTREE GULLY","VIC","3156","Aston","Ferntree Gully","4282"
"FERNTREE GULLY","VIC","3156","Aston","Ferntree Gully North","4283"
"FERNTREE GULLY","VIC","3156","Aston","Ferntree Gully West","2951"
"ROWVILLE","VIC","3178","Aston","Heany Park","31743"
"ROWVILLE","VIC","3178","Aston","Karoo","31744"
"FERNTREE GULLY","VIC","3156","Aston","Kent Park","2957"
"KNOXFIELD","VIC","3180","Aston","Knoxfield","2956"
"WANTIRNA SOUTH","VIC","3152","Aston","Knox Gardens","2958"
"LYSTERFIELD","VIC","3156","Aston","Lysterfield","2959"
"FERNTREE GULLY","VIC","3156","Aston","Mountain Gate","2961"
"ROWVILLE","VIC","3178","Aston","Park Ridge","11513"
"ROWVILLE","VIC","3178","Aston","Rowville","2963"
"ROWVILLE","VIC","3178","Aston","Rowville Central","38413"
"ROWVILLE","VIC","3178","Aston","Rowville East","2964"
"ROWVILLE","VIC","3178","Aston","Rowville North","83810"
"ROWVILLE","VIC","3178","Aston","Rowville PPVC","83838"
"SCORESBY","VIC","3179","Aston","Scoresby","2965"
"BORONIA","VIC","3155","Aston","Studfield East","2969"
"WANTIRNA","VIC","3152","Aston","Templeton","2970"
"THE BASIN","VIC","3154","Aston","The Basin","4301"
"UPPER FERNTREE GULLY","VIC","3156","Aston","Upper Ferntree Gully (Aston)","4284"
"WANTIRNA","VIC","3152","Aston","Wantirna","2971"
"WANTIRNA","VIC","3152","Aston","Wantirna Central","2973"
"WANTIRNA SOUTH","VIC","3152","Aston","Wantirna South","2974"
"WANTIRNA SOUTH","VIC","3152","Aston","Wantirna South PPVC","64690"
"WANTIRNA SOUTH","VIC","3152","Aston","Wantirna West","2952"
"KNOXFIELD","VIC","3180","Aston","Watersedge","2966"
"BACCHUS MARSH","VIC","3340","Ballarat","Bacchus Marsh","3252"
"DARLEY","VIC","3340","Ballarat","Darley","3276"
"MADDINGLEY","VIC","3340","Ballarat","Maddingley","51057"
"MELTON","VIC","3337","Ballarat","Melton BALLARAT PPVC","64713"
"MYRNIONG","VIC","3341","Ballarat","Myrniong","3316"
"KYNETON","VIC","3444","Bendigo","Kyneton","3298"
"KYNETON","VIC","3444","Bendigo","Kyneton East","64652"
"MALMSBURY","VIC","3446","Bendigo","Malmsbury","3305"
"NEWHAM","VIC","3442","Bendigo","Newham","3318"
"TYLDEN","VIC","3444","Bendigo","Tylden","3336"
"WOODEND","VIC","3442","Bendigo","Woodend","3339"
"WOODEND","VIC","3442","Bendigo","Woodend East","82935"
"BERWICK","VIC","3806","Bruce","Berwick BRUCE PPVC","91155"
"MULGRAVE","VIC","3170","Bruce","BLV Bruce PPVC","65543"
"KEYSBOROUGH","VIC","3173","Bruce","Chandler (Bruce)","3957"
"DANDENONG","VIC","3175","Bruce","Cleeland","3958"
"SPRINGVALE SOUTH","VIC","3172","Bruce","Coomoora (Bruce)","31778"
"CRANBOURNE","VIC","3977","Bruce","Cranbourne BRUCE PPVC","91143"
"DANDENONG","VIC","3175","Bruce","Dandenong","3962"
"DANDENONG NORTH","VIC","3175","Bruce","Dandenong BRUCE PPVC","58781"
"DANDENONG","VIC","3175","Bruce","Dandenong West","3965"
"MULGRAVE","VIC","3170","Bruce","Divisional Office (PREPOLL)","30192"
"DOVETON","VIC","3177","Bruce","Doveton","65164"
"DOVETON","VIC","3177","Bruce","Doveton West","4277"
"ENDEAVOUR HILLS","VIC","3802","Bruce","Endeavour Hills","4279"
"ENDEAVOUR HILLS","VIC","3802","Bruce","Endeavour Hills Central","83362"
"ENDEAVOUR HILLS","VIC","3802","Bruce","Endeavour Hills East","4280"
"ENDEAVOUR HILLS","VIC","3802","Bruce","Endeavour Hills North","4281"
"NARRE WARREN","VIC","3805","Bruce","Fountain Gate","4286"
"ENDEAVOUR HILLS","VIC","3802","Bruce","Gleneagles","4287"
"HALLAM","VIC","3803","Bruce","Hallam","4288"
"HALLAM","VIC","3803","Bruce","Hallam East","47812"
"NOBLE PARK","VIC","3174","Bruce","Harrisfield","3997"
"SPRINGVALE","VIC","3172","Bruce","Heatherhill","3998"
"DANDENONG NORTH","VIC","3175","Bruce","Lyndale","3970"
"NARRE WARREN","VIC","3805","Bruce","Maramba","31783"
"MULGRAVE","VIC","3170","Bruce","Mulgrave BRUCE PPVC","91128"
"NARRE WARREN NORTH","VIC","3804","Bruce","Narre Warren North (Bruce)","64602"
"NOBLE PARK","VIC","3174","Bruce","Noble Park","3974"
"KEYSBOROUGH","VIC","3173","Bruce","Noble Park South","3972"
"DANDENONG NORTH","VIC","3175","Bruce","Oakwood Park","3976"
"DANDENONG NORTH","VIC","3175","Bruce","Rosewood Downs","3977"
"SPRINGVALE","VIC","3171","Bruce","Sandown Park (Bruce)","4006"
"NOBLE PARK NORTH","VIC","3174","Bruce","Silverton","3978"
"SPRINGVALE SOUTH","VIC","3172","Bruce","Southvale","4007"
"SPRINGVALE","VIC","3171","Bruce","Springvale (Bruce)","82870"
"SPRINGVALE SOUTH","VIC","3172","Bruce","Springvale BRUCE PPVC","82837"
"SPRINGVALE SOUTH","VIC","3172","Bruce","Springvale South (Bruce)","4009"
"ENDEAVOUR HILLS","VIC","3802","Bruce","Thomas Mitchell","46568"
"NOBLE PARK","VIC","3174","Bruce","Wallarano","3981"
"NOBLE PARK NORTH","VIC","3174","Bruce","Waverley Park","58456"
"MULGRAVE","VIC","3170","Bruce","Wellington (Bruce)","91112"
"DANDENONG NORTH","VIC","3175","Bruce","Wooranna Park","3982"
"NOBLE PARK","VIC","3174","Bruce","Yarraman Park","3983"
"CRAIGIEBURN","VIC","3064","Calwell","Aitken Creek (Calwell)","83247"
"ATTWOOD","VIC","3049","Calwell","Attwood","83808"
"MEADOW HEIGHTS","VIC","3048","Calwell","Bethal","3258"
"ESSENDON FIELDS","VIC","3041","Calwell","BLV Calwell PPVC","65531"
"BROADMEADOWS","VIC","3047","Calwell","Broadmeadows North","4842"
"CAMPBELLFIELD","VIC","3061","Calwell","Campbellfield","4843"
"COOLAROO","VIC","3048","Calwell","Coolaroo","3273"
"CRAIGIEBURN","VIC","3064","Calwell","Craigieburn","3275"
"CRAIGIEBURN","VIC","3064","Calwell","Craigieburn CALWELL PPVC","66161"
"CRAIGIEBURN","VIC","3064","Calwell","Craigieburn Central","83765"
"CRAIGIEBURN","VIC","3064","Calwell","Craigieburn North","46545"
"CRAIGIEBURN","VIC","3064","Calwell","Craigieburn South","31044"
"CRAIGIEBURN","VIC","3064","Calwell","Craigieburn West","46546"
"ESSENDON FIELDS","VIC","3041","Calwell","Divisional Office (PREPOLL)","30194"
"GLADSTONE PARK","VIC","3043","Calwell","Gladstone Park","4588"
"GLADSTONE PARK","VIC","3043","Calwell","Gladstone Park PPVC","64682"
"GLADSTONE PARK","VIC","3043","Calwell","Gladstone Views","4589"
"GLENROY","VIC","3046","Calwell","Glenroy CALWELL PPVC","58714"
"GREENVALE","VIC","3059","Calwell","Greenvale","3288"
"GREENVALE","VIC","3059","Calwell","Greenvale South","46547"
"KEILOR","VIC","3036","Calwell","Keilor (Calwell)","91245"
"KEILOR PARK","VIC","3042","Calwell","Keilor Park","4593"
"MEADOW HEIGHTS","VIC","3048","Calwell","Meadow Heights","31047"
"MEADOW HEIGHTS","VIC","3048","Calwell","Meadow Heights South","83793"
"BROADMEADOWS","VIC","3047","Calwell","Meadows","3307"
"MICKLEHAM","VIC","3064","Calwell","Mickleham","4343"
"CRAIGIEBURN","VIC","3064","Calwell","Mount Ridley","58453"
"MICKLEHAM","VIC","3064","Calwell","Mount Ridley North (Calwell)","83246"
"ROXBURGH PARK","VIC","3064","Calwell","Roxburgh Homestead","46595"
"ROXBURGH PARK","VIC","3064","Calwell","Roxburgh Park","83771"
"ROXBURGH PARK","VIC","3064","Calwell","Roxburgh Rise","46549"
"ROXBURGH PARK","VIC","3064","Calwell","Somerton","46548"
"TULLAMARINE","VIC","3043","Calwell","Tullamarine","4606"
"DALLAS","VIC","3047","Calwell","Upfield","4866"
"WESTMEADOWS","VIC","3049","Calwell","Westmeadows","4607"
"BADGER CREEK","VIC","3777","Casey","Badger Creek","4868"
"BELGRAVE","VIC","3160","Casey","Belgrave","4269"
"BELGRAVE SOUTH","VIC","3160","Casey","Belgrave South","4270"
"BERWICK","VIC","3806","Casey","Berwick CASEY PPVC","91358"
"MOOROOLBARK","VIC","3138","Casey","Bimbadeen Heights","3372"
"MT EVELYN","VIC","3796","Casey","Birmingham","4870"
"RINGWOOD","VIC","3134","Casey","BLV Casey PPVC","65395"
"BORONIA","VIC","3155","Casey","Boronia CASEY PPVC","82852"
"CHIRNSIDE PARK","VIC","3116","Casey","Chirnside Park","3373"
"COLDSTREAM","VIC","3770","Casey","Coldstream","3375"
"CROYDON","VIC","3136","Casey","Croydon CASEY PPVC","83728"
"CROYDON","VIC","3136","Casey","Croydon East (Casey)","91308"
"CROYDON NORTH","VIC","3136","Casey","Croydon North (Casey)","63367"
"RINGWOOD","VIC","3134","Casey","Divisional Office (PREPOLL)","30195"
"DIXONS CREEK","VIC","3775","Casey","Dixons Creek","3382"
"FERNY CREEK","VIC","3786","Casey","Ferny Creek","4285"
"GLADYSDALE","VIC","3797","Casey","Gladysdale","4882"
"GRUYERE","VIC","3770","Casey","Gruyere","3384"
"HEALESVILLE","VIC","3777","Casey","Healesville","4883"
"HEALESVILLE","VIC","3777","Casey","Healesville Central","38409"
"HEALESVILLE","VIC","3777","Casey","Healesville PPVC","83731"
"HODDLES CREEK","VIC","3139","Casey","Hoddles Creek","4884"
"KALLISTA","VIC","3791","Casey","Kallista","31613"
"KILSYTH","VIC","3137","Casey","Kilsyth (Casey)","4885"
"KILSYTH","VIC","3137","Casey","Kilsyth East (Casey)","83712"
"KILSYTH","VIC","3137","Casey","Kilsyth South","4887"
"LAUNCHING PLACE","VIC","3139","Casey","Launching Place","4888"
"LILYDALE","VIC","3140","Casey","Lilydale","3389"
"LILYDALE","VIC","3140","Casey","Lilydale CASEY PPVC","32944"
"LILYDALE","VIC","3140","Casey","Lilydale Lake","34031"
"LILYDALE","VIC","3140","Casey","Lilydale North","83711"
"LILYDALE","VIC","3140","Casey","Lilydale West","3391"
"MACCLESFIELD","VIC","3782","Casey","Macclesfield (Casey)","4889"
"MOOROOLBARK","VIC","3138","Casey","Manchester (Casey)","3392"
"MENZIES CREEK","VIC","3159","Casey","Menzies Creek","4291"
"MILLGROVE","VIC","3799","Casey","Millgrove","4892"
"MONBULK","VIC","3793","Casey","Monbulk","4292"
"MONTROSE","VIC","3765","Casey","Montrose","4894"
"MONTROSE","VIC","3765","Casey","Montrose South","4895"
"MOOROOLBARK","VIC","3138","Casey","Mooroolbark (Casey)","4896"
"MOOROOLBARK","VIC","3138","Casey","Mooroolbark East","4897"
"MOOROOLBARK","VIC","3138","Casey","Mooroolbark South","4898"
"MOUNT DANDENONG","VIC","3767","Casey","Mount Dandenong","31545"
"MT EVELYN","VIC","3796","Casey","Mount Evelyn","4900"
"OLINDA","VIC","3788","Casey","Olinda","4903"
"RINGWOOD NORTH","VIC","3134","Casey","Ringwood CASEY PPVC","58639"
"MOOROOLBARK","VIC","3138","Casey","Rolling Hills","3402"
"SASSAFRAS","VIC","3787","Casey","Sassafras","4298"
"SELBY","VIC","3159","Casey","Selby","4299"
"SEVILLE","VIC","3139","Casey","Seville","4907"
"SILVAN","VIC","3795","Casey","Silvan","4909"
"TECOMA","VIC","3160","Casey","Tecoma","4300"
"THE PATCH","VIC","3792","Casey","The Patch","4302"
"UPPER FERNTREE GULLY","VIC","3156","Casey","Upper Ferntree Gully (Casey)","91332"
"UPWEY","VIC","3158","Casey","Upwey","4303"
"UPWEY","VIC","3158","Casey","Upwey South","97435"
"WANDIN NORTH","VIC","3139","Casey","Wandin Yallock","4914"
"WARBURTON","VIC","3799","Casey","Warburton","4917"
"WARBURTON EAST","VIC","3799","Casey","Warburton East","4918"
"WESBURN","VIC","3799","Casey","Wesburn","4919"
"WOORI YALLOCK","VIC","3139","Casey","Woori Yallock","4920"
"YARRA GLEN","VIC","3775","Casey","Yarra Glen","3410"
"YARRA JUNCTION","VIC","3797","Casey","Yarra Junction","4921"
"ASHWOOD","VIC","3147","Chisholm","Ashwood","3417"
"BURWOOD","VIC","3125","Chisholm","Bennettswood","11521"
"BLACKBURN","VIC","3130","Chisholm","Blackburn","3559"
"BLACKBURN","VIC","3130","Chisholm","Blackburn Lake","3566"
"BLACKBURN","VIC","3130","Chisholm","Blackburn North","3560"
"BLACKBURN NORTH","VIC","3130","Chisholm","Blackburn North CHISHOLM PPVC","32947"
"BLACKBURN SOUTH","VIC","3130","Chisholm","Blackburn South","3420"
"BLACKBURN NORTH","VIC","3130","Chisholm","Blackburn Upper","83714"
"BLACKBURN NORTH","VIC","3130","Chisholm","Blackburn West","3561"
"RINGWOOD","VIC","3134","Chisholm","BLV Chisholm PPVC","65408"
"BOX HILL","VIC","3128","Chisholm","Box Hill","3421"
"BOX HILL","VIC","3128","Chisholm","Box Hill Central","3422"
"BOX HILL SOUTH","VIC","3128","Chisholm","Box Hill South","3424"
"GLEN WAVERLEY","VIC","3150","Chisholm","Brentwood (Chisholm)","91441"
"BURWOOD","VIC","3125","Chisholm","Burwood Central","3426"
"BURWOOD EAST","VIC","3151","Chisholm","Burwood Heights","3562"
"GLEN WAVERLEY","VIC","3150","Chisholm","Camelot","3563"
"CHADSTONE","VIC","3148","Chisholm","Chadstone East (Chisholm)","31777"
"RINGWOOD","VIC","3134","Chisholm","Divisional Office (PREPOLL)","30196"
"BURWOOD EAST","VIC","3151","Chisholm","Eley Park","12078"
"SURREY HILLS","VIC","3127","Chisholm","Elgar Park (Chisholm)","3429"
"MT WAVERLEY","VIC","3149","Chisholm","Essex Heights","3430"
"BLACKBURN SOUTH","VIC","3130","Chisholm","Forest Hill","3565"
"GLEN WAVERLEY","VIC","3150","Chisholm","Glendal","3567"
"GLEN WAVERLEY","VIC","3150","Chisholm","Glen Waverley Heights","3230"
"GLEN WAVERLEY","VIC","3150","Chisholm","Highvale","3569"
"BOX HILL NORTH","VIC","3129","Chisholm","Kerrimuir","3435"
"BOX HILL NORTH","VIC","3129","Chisholm","Koonung Heights (Chisholm)","3436"
"BLACKBURN","VIC","3130","Chisholm","Laburnum","3570"
"BURWOOD EAST","VIC","3151","Chisholm","Manooka","3573"
"MELBOURNE","VIC","3000","Chisholm","Melbourne (Chisholm)","32045"
"SOUTHBANK","VIC","3006","Chisholm","Melbourne Central CHISHOLM PPVC","97508"
"MELBOURNE","VIC","3000","Chisholm","Melbourne CHISHOLM PPVC","83897"
"GLEN WAVERLEY","VIC","3150","Chisholm","Mount View","3235"
"MOUNT WAVERLEY","VIC","3149","Chisholm","Mount Waverley","83713"
"MOUNT WAVERLEY","VIC","3149","Chisholm","Mount Waverley PPVC","97440"
"MT WAVERLEY","VIC","3149","Chisholm","Mount Waverley South (Chisholm)","3439"
"MULGRAVE","VIC","3170","Chisholm","Mulgrave CHISHOLM PPVC","91464"
"MT WAVERLEY","VIC","3149","Chisholm","Pinewood (Chisholm)","91477"
"RINGWOOD NORTH","VIC","3134","Chisholm","Ringwood CHISHOLM PPVC","91512"
"BLACKBURN NORTH","VIC","3130","Chisholm","Springview","3578"
"SURREY HILLS","VIC","3127","Chisholm","Surrey Hills (Chisholm)","91480"
"MT WAVERLEY","VIC","3149","Chisholm","Syndal North","3579"
"MT WAVERLEY","VIC","3149","Chisholm","Syndal South","3242"
"BURWOOD EAST","VIC","3151","Chisholm","Tally Ho","3580"
"GLEN WAVERLEY","VIC","3150","Chisholm","The Glen","3228"
"BOX HILL NORTH","VIC","3129","Chisholm","Tyne","3441"
"BOX HILL SOUTH","VIC","3128","Chisholm","Wattle Park","3443"
"MT WAVERLEY","VIC","3149","Chisholm","Waverley North","3444"
"GLEN WAVERLEY","VIC","3150","Chisholm","Wayburne (Chisholm)","35079"
"ALPHINGTON","VIC","3078","Cooper","Alphington","3085"
"FAIRFIELD","VIC","3078","Cooper","Alphington North","3086"
"PRESTON","VIC","3072","Cooper","Bell","5087"
"MELBOURNE","VIC","3000","Cooper","BLV Cooper PPVC","65465"
"RESERVOIR","VIC","3073","Cooper","Boldrewood","3087"
"BUNDOORA","VIC","3083","Cooper","Bundoora (Cooper)","65778"
"BUNDOORA","VIC","3083","Cooper","Bundoora South","35016"
"RESERVOIR","VIC","3073","Cooper","Burbank","3088"
"CLIFTON HILL","VIC","3068","Cooper","Clifton Hill","4625"
"CLIFTON HILL","VIC","3068","Cooper","Collingwood North (Cooper)","4627"
"NORTHCOTE","VIC","3070","Cooper","Croxton","5098"
"MELBOURNE","VIC","3000","Cooper","Divisional Office (PREPOLL)","30190"
"FAIRFIELD","VIC","3078","Cooper","Fairfield","3091"
"HEIDELBERG","VIC","3084","Cooper","Heidelberg COOPER PPVC","83415"
"KINGSBURY","VIC","3083","Cooper","Kingsbury","4181"
"COBURG NORTH","VIC","3058","Cooper","Lake Park (Cooper)","91420"
"MELBOURNE","VIC","3000","Cooper","Melbourne (Cooper)","32039"
"SOUTHBANK","VIC","3006","Cooper","Melbourne Central COOPER PPVC","97509"
"MELBOURNE","VIC","3000","Cooper","Melbourne COOPER PPVC","83965"
"RESERVOIR","VIC","3073","Cooper","Merrilands","3095"
"MILL PARK","VIC","3082","Cooper","Mill Park COOPER PPVC","65962"
"COBURG","VIC","3058","Cooper","Murray (Cooper)","35015"
"PRESTON WEST","VIC","3072","Cooper","Newlands","5107"
"BUNDOORA","VIC","3083","Cooper","Norris Bank (Cooper)","91379"
"NORTHCOTE","VIC","3070","Cooper","Northcote","3096"
"THORNBURY","VIC","3071","Cooper","Northcote COOPER PPVC","82771"
"NORTHCOTE","VIC","3070","Cooper","Northcote North","3097"
"NORTHCOTE","VIC","3070","Cooper","Northcote South","3098"
"NORTHCOTE","VIC","3070","Cooper","Northcote West","3099"
"PRESTON","VIC","3072","Cooper","Preston","3101"
"PRESTON","VIC","3072","Cooper","Preston East","3102"
"PRESTON","VIC","3072","Cooper","Preston North East","3104"
"PRESTON","VIC","3072","Cooper","Preston South","3105"
"PRESTON","VIC","3072","Cooper","Preston West","5114"
"PRESTON","VIC","3072","Cooper","Regent","3107"
"PRESTON","VIC","3072","Cooper","Regent West","5115"
"RESERVOIR","VIC","3073","Cooper","Reservoir","3108"
"RESERVOIR","VIC","3073","Cooper","Reservoir Central","3109"
"RESERVOIR","VIC","3073","Cooper","Reservoir East","3110"
"RESERVOIR","VIC","3073","Cooper","Reservoir North","3111"
"RESERVOIR","VIC","3073","Cooper","Reservoir North East","3112"
"RESERVOIR","VIC","3073","Cooper","Reservoir South","3113"
"RESERVOIR","VIC","3073","Cooper","Reservoir West","5116"
"RESERVOIR","VIC","3073","Cooper","Ruthven","3115"
"THORNBURY","VIC","3071","Cooper","Thornbury","5117"
"THORNBURY","VIC","3071","Cooper","Thornbury COOPER PPVC","64643"
"THORNBURY","VIC","3071","Cooper","Thornbury East","3117"
"THORNBURY","VIC","3071","Cooper","Thornbury South","3118"
"NORTHCOTE","VIC","3070","Cooper","Westgarth","3119"
"ARMSTRONG CREEK","VIC","3217","Corangamite","Armstrong Creek East","83622"
"BELMONT","VIC","3216","Corangamite","Barwon CORANGAMITE PPVC","34013"
"BARWON HEADS","VIC","3227","Corangamite","Barwon Heads","3457"
"CLIFTON SPRINGS","VIC","3222","Corangamite","Beacon Point","51222"
"QUEENSCLIFF","VIC","3225","Corangamite","Bellarine PPVC","83641"
"CLIFTON SPRINGS","VIC","3222","Corangamite","Clifton Springs","3468"
"CONNEWARRE","VIC","3227","Corangamite","Connewarre","3474"
"DRYSDALE","VIC","3222","Corangamite","Drysdale","3478"
"GEELONG","VIC","3220","Corangamite","Geelong CORANGAMITE PPVC","58623"
"GROVEDALE","VIC","3216","Corangamite","Grovedale Central","83770"
"GROVEDALE","VIC","3216","Corangamite","Grovedale East","32829"
"LEOPOLD","VIC","3224","Corangamite","Leopold","3496"
"LEOPOLD","VIC","3224","Corangamite","Leopold North","83471"
"OCEAN GROVE","VIC","3226","Corangamite","Ocean Grove","83618"
"OCEAN GROVE","VIC","3226","Corangamite","Ocean Grove South","46544"
"OCEAN GROVE","VIC","3226","Corangamite","Ocean Grove West","3508"
"POINT LONSDALE","VIC","3225","Corangamite","Point Lonsdale","3510"
"PORTARLINGTON","VIC","3223","Corangamite","Portarlington","3511"
"QUEENSCLIFF","VIC","3225","Corangamite","Queenscliff","3512"
"ST LEONARDS","VIC","3223","Corangamite","St Leonards","3514"
"TORQUAY","VIC","3228","Corangamite","Torquay East","83617"
"WALLINGTON","VIC","3222","Corangamite","Wallington","3519"
"BELL PARK","VIC","3215","Corio","Bell Park","3530"
"BELL PARK","VIC","3215","Corio","Bell Park South","51223"
"BELMONT","VIC","3216","Corio","Belmont","3506"
"BELMONT","VIC","3216","Corio","Belmont North","3464"
"GEELONG","VIC","3220","Corio","BLV Corio PPVC","65583"
"GEELONG WEST","VIC","3218","Corio","Britannia","3532"
"CORIO","VIC","3214","Corio","Corio Central","3535"
"CORIO","VIC","3214","Corio","Corio West","3536"
"GEELONG","VIC","3220","Corio","Divisional Office (PREPOLL)","30199"
"GEELONG EAST","VIC","3219","Corio","Geelong","3538"
"GEELONG","VIC","3220","Corio","Geelong CORIO PPVC","31536"
"GEELONG","VIC","3220","Corio","Geelong South","3528"
"GEELONG WEST","VIC","3218","Corio","Geelong West","3539"
"CORIO","VIC","3214","Corio","Hendy","47829"
"LARA","VIC","3212","Corio","Lara","3543"
"LARA","VIC","3212","Corio","Lara Central","3544"
"LARA","VIC","3212","Corio","Lara Lake","46551"
"LARA","VIC","3212","Corio","Lara West","97421"
"NEWCOMB","VIC","3219","Corio","Newcomb","3546"
"NEWCOMB","VIC","3219","Corio","Newcomb South","3547"
"NEWTOWN","VIC","3220","Corio","Newtown","3552"
"NEWTOWN","VIC","3220","Corio","Newtown South","3533"
"NORLANE","VIC","3214","Corio","Norlane","3548"
"NORLANE","VIC","3214","Corio","North Shore","3549"
"THOMSON","VIC","3219","Corio","Thomson","3554"
"RINGWOOD EAST","VIC","3135","Deakin","Alexandra Road","4879"
"MITCHAM","VIC","3132","Deakin","Antonio Park","3558"
"BAYSWATER NORTH","VIC","3153","Deakin","Bayswater North","4869"
"RINGWOOD","VIC","3134","Deakin","Bedford Park","83715"
"BLACKBURN NORTH","VIC","3130","Deakin","Blackburn North DEAKIN PPVC","58637"
"RINGWOOD","VIC","3134","Deakin","BLV Deakin PPVC","65402"
"VERMONT SOUTH","VIC","3133","Deakin","Charlesworth Park","3564"
"CROYDON","VIC","3136","Deakin","Croydon","4875"
"CROYDON","VIC","3136","Deakin","Croydon Central","3376"
"CROYDON","VIC","3136","Deakin","Croydon DEAKIN PPVC","83755"
"CROYDON","VIC","3136","Deakin","Croydon East (Deakin)","4876"
"CROYDON HILLS","VIC","3136","Deakin","Croydon Hills (Deakin)","65399"
"CROYDON NORTH","VIC","3136","Deakin","Croydon North (Deakin)","3378"
"CROYDON SOUTH","VIC","3136","Deakin","Croydon South","4877"
"CROYDON","VIC","3136","Deakin","Croydon Town","11525"
"CROYDON","VIC","3136","Deakin","Croydon West","3379"
"RINGWOOD","VIC","3134","Deakin","Divisional Office (PREPOLL)","30200"
"VERMONT","VIC","3133","Deakin","Eastmont","2949"
"BAYSWATER NORTH","VIC","3153","Deakin","Glen Park","12079"
"MITCHAM","VIC","3132","Deakin","Heatherdale","3568"
"HEATHMONT","VIC","3135","Deakin","Heathmont","2953"
"HEATHMONT","VIC","3135","Deakin","Heathmont East","2954"
"HEATHMONT","VIC","3135","Deakin","Heathmont West","11514"
"RINGWOOD","VIC","3134","Deakin","Kalinda (Deakin)","3386"
"KILSYTH","VIC","3137","Deakin","Kilsyth (Deakin)","91645"
"KILSYTH","VIC","3137","Deakin","Kilsyth East (Deakin)","91674"
"LILYDALE","VIC","3140","Deakin","Lilydale DEAKIN PPVC","91665"
"MOOROOLBARK","VIC","3138","Deakin","Manchester (Deakin)","91637"
"MITCHAM","VIC","3132","Deakin","Mitcham","3572"
"MITCHAM NORTH","VIC","3132","Deakin","Mitcham North (Deakin)","3575"
"MOOROOLBARK","VIC","3138","Deakin","Mooroolbark (Deakin)","91651"
"VERMONT","VIC","3133","Deakin","Morack","2960"
"RINGWOOD","VIC","3134","Deakin","Norwood","3394"
"NUNAWADING","VIC","3131","Deakin","Nunawading South","3576"
"FOREST HILL","VIC","3131","Deakin","Parkmore","3577"
"MITCHAM","VIC","3132","Deakin","Rangeview","3581"
"RINGWOOD","VIC","3134","Deakin","Ringwood","3398"
"RINGWOOD NORTH","VIC","3134","Deakin","Ringwood DEAKIN PPVC","32108"
"RINGWOOD EAST","VIC","3135","Deakin","Ringwood East","3399"
"RINGWOOD","VIC","3134","Deakin","Ringwood Heights","3400"
"RINGWOOD NORTH","VIC","3134","Deakin","Ringwood North (Deakin)","34011"
"HEATHMONT","VIC","3135","Deakin","Ringwood South","2962"
"RINGWOOD EAST","VIC","3135","Deakin","Tinternvale","4910"
"VERMONT","VIC","3133","Deakin","Vermont North","3583"
"WARRANWOOD","VIC","3134","Deakin","Warranwood (Deakin)","91710"
"VERMONT SOUTH","VIC","3133","Deakin","Weeden Heights","3584"
"CROYDON NORTH","VIC","3136","Deakin","Yarra Road (Deakin)","31766"
"FRANKSTON NORTH","VIC","3200","Dunkley","Aldercourt","3587"
"FRANKSTON SOUTH","VIC","3199","Dunkley","Baden Powell","3588"
"FRANKSTON","VIC","3199","Dunkley","Ballam Park","3589"
"BAXTER","VIC","3911","Dunkley","Baxter (Dunkley)","35287"
"SEAFORD","VIC","3198","Dunkley","Belvedere Park","31462"
"CARRUM DOWNS","VIC","3201","Dunkley","BLV Dunkley PPVC","65547"
"FRANKSTON","VIC","3199","Dunkley","Bruce Park","3592"
"CARRUM DOWNS","VIC","3201","Dunkley","Carrum Downs","3956"
"CARRUM DOWNS","VIC","3201","Dunkley","Carrum Downs North","64692"
"CARRUM DOWNS","VIC","3201","Dunkley","Carrum Downs PPVC","97535"
"CARRUM DOWNS","VIC","3201","Dunkley","Carrum Downs West","97548"
"CRANBOURNE","VIC","3977","Dunkley","Cranbourne DUNKLEY PPVC","97461"
"FRANKSTON SOUTH","VIC","3199","Dunkley","Derinya","3593"
"CARRUM DOWNS","VIC","3201","Dunkley","Divisional Office (PREPOLL)","30201"
"FRANKSTON","VIC","3199","Dunkley","Frankston","3594"
"FRANKSTON","VIC","3199","Dunkley","Frankston DUNKLEY PPVC","36414"
"FRANKSTON","VIC","3199","Dunkley","Frankston East","3596"
"FRANKSTON","VIC","3199","Dunkley","Frankston Heights","3598"
"FRANKSTON","VIC","3199","Dunkley","Frankston Rail","3599"
"FRANKSTON","VIC","3199","Dunkley","Frankston South","3600"
"SEAFORD","VIC","3198","Dunkley","Kananook","3601"
"FRANKSTON","VIC","3199","Dunkley","Karingal","3602"
"FRANKSTON","VIC","3199","Dunkley","Karingal Heights","3603"
"FRANKSTON","VIC","3199","Dunkley","Kingsley Park","11886"
"MT ELIZA","VIC","3930","Dunkley","Kunyung","3604"
"LANGWARRIN","VIC","3910","Dunkley","Langwarrin","3640"
"LANGWARRIN","VIC","3910","Dunkley","Langwarrin Hall","65123"
"LANGWARRIN","VIC","3910","Dunkley","Langwarrin North","33071"
"LANGWARRIN","VIC","3910","Dunkley","Langwarrin Park","11656"
"LANGWARRIN","VIC","3910","Dunkley","Langwarrin PPVC","83451"
"CARRUM DOWNS","VIC","3201","Dunkley","Lyrebird","31974"
"MORNINGTON","VIC","3931","Dunkley","Mornington DUNKLEY PPVC","82825"
"MT ELIZA","VIC","3930","Dunkley","Mt Eliza","3607"
"MT ELIZA","VIC","3930","Dunkley","Mt Eliza Central","11652"
"MT ELIZA","VIC","3930","Dunkley","Mt Eliza North","3608"
"MT ELIZA","VIC","3930","Dunkley","Mt Eliza South","65124"
"FRANKSTON","VIC","3199","Dunkley","Mt Erin","3590"
"CARRUM DOWNS","VIC","3201","Dunkley","Rowellyn Park","31051"
"SEAFORD","VIC","3198","Dunkley","Seaford","4159"
"SEAFORD","VIC","3198","Dunkley","Seaford North","4160"
"SKYE","VIC","3977","Dunkley","Skye","3979"
"BALNARRING","VIC","3926","Flinders","Balnarring","3613"
"BAXTER","VIC","3911","Flinders","Baxter (Flinders)","3615"
"BITTERN","VIC","3918","Flinders","Bittern","3617"
"BLAIRGOWRIE","VIC","3942","Flinders","Blairgowrie","3618"
"HASTINGS","VIC","3915","Flinders","BLV Flinders PPVC","65434"
"BONEO","VIC","3939","Flinders","Boneo","3619"
"CRIB POINT","VIC","3919","Flinders","Crib Point","3625"
"HASTINGS","VIC","3915","Flinders","Divisional Office (PREPOLL)","30202"
"DROMANA","VIC","3936","Flinders","Dromana","3629"
"DROMANA","VIC","3936","Flinders","Dromana Beach","31295"
"DROMANA","VIC","3936","Flinders","Dromana North","69887"
"FLINDERS","VIC","3929","Flinders","Flinders","3631"
"FRANKSTON","VIC","3199","Flinders","Frankston FLINDERS PPVC","91941"
"HASTINGS","VIC","3915","Flinders","Hastings","3635"
"HASTINGS","VIC","3915","Flinders","Hastings PPVC","31697"
"HASTINGS","VIC","3915","Flinders","Hastings West","83772"
"MOOROODUC","VIC","3933","Flinders","Moorooduc","3645"
"MORNINGTON","VIC","3931","Flinders","Mornington","3605"
"MORNINGTON","VIC","3931","Flinders","Mornington East","31452"
"MORNINGTON","VIC","3931","Flinders","Mornington FLINDERS PPVC","82831"
"MORNINGTON","VIC","3931","Flinders","Mornington South","3606"
"MOUNT MARTHA","VIC","3934","Flinders","Mt Martha","3646"
"MOUNT MARTHA","VIC","3934","Flinders","Mt Martha Nepean","83809"
"MOUNT MARTHA","VIC","3934","Flinders","Mt Martha North","11520"
"PORTSEA","VIC","3944","Flinders","Portsea","3652"
"RED HILL","VIC","3937","Flinders","Red Hill","3653"
"ROSEBUD","VIC","3939","Flinders","Rosebud East","3656"
"ROSEBUD","VIC","3939","Flinders","Rosebud PPVC","66007"
"ROSEBUD","VIC","3939","Flinders","Rosebud South","11517"
"ROSEBUD","VIC","3939","Flinders","Rosebud West","3657"
"RYE","VIC","3941","Flinders","Rye","3658"
"ST ANDREWS BEACH","VIC","3941","Flinders","St Andrews Beach","31465"
"SHOREHAM","VIC","3916","Flinders","Shoreham","3661"
"SOMERS","VIC","3927","Flinders","Somers","3662"
"SOMERVILLE","VIC","3912","Flinders","Somerville","83697"
"SOMERVILLE","VIC","3912","Flinders","Somerville East","31059"
"SOMERVILLE","VIC","3912","Flinders","Somerville West","3663"
"SORRENTO","VIC","3943","Flinders","Sorrento","3664"
"MORNINGTON","VIC","3931","Flinders","Tanti Park","3609"
"TOOTGAROOK","VIC","3941","Flinders","Tootgarook","3666"
"TYABB","VIC","3913","Flinders","Tyabb","3667"
"KINGS PARK","VIC","3021","Fraser","Albanvale (Fraser)","3345"
"ALBION","VIC","3020","Fraser","Albion","3346"
"SUNSHINE WEST","VIC","3020","Fraser","Ardeer South","4240"
"ESSENDON FIELDS","VIC","3041","Fraser","BLV Fraser PPVC","91788"
"CAIRNLEA","VIC","3023","Fraser","Cairnlea (Fraser)","46536"
"DEER PARK","VIC","3023","Fraser","Deer Park Central (Fraser)","91905"
"DELAHEY","VIC","3037","Fraser","Delahey (Fraser)","31046"
"ESSENDON FIELDS","VIC","3041","Fraser","Divisional Office (PREPOLL)","91908"
"ESSENDON","VIC","3040","Fraser","Essendon FRASER PPVC","91798"
"WEST FOOTSCRAY","VIC","3012","Fraser","Footscray FRASER PPVC","91831"
"SUNSHINE WEST","VIC","3020","Fraser","Glengala","32904"
"SUNSHINE WEST","VIC","3020","Fraser","Glengala South","3354"
"KEALBA","VIC","3021","Fraser","Kealba","3355"
"KEILOR","VIC","3036","Fraser","Keilor (Fraser)","3356"
"KEILOR DOWNS","VIC","3038","Fraser","Keilor Downs","3357"
"KEILOR","VIC","3036","Fraser","Keilor Village","83796"
"KINGS PARK","VIC","3021","Fraser","Kings Park (Fraser)","3359"
"MELBOURNE","VIC","3000","Fraser","Melbourne (Fraser)","91790"
"SOUTHBANK","VIC","3006","Fraser","Melbourne Central FRASER PPVC","97510"
"MELBOURNE","VIC","3000","Fraser","Melbourne FRASER PPVC","91799"
"KEILOR DOWNS","VIC","3038","Fraser","Monmia","31048"
"ST ALBANS","VIC","3021","Fraser","St Albans East","3361"
"ST ALBANS","VIC","3021","Fraser","St Albans North","3362"
"ST ALBANS","VIC","3021","Fraser","St Albans PPVC","82787"
"ST ALBANS","VIC","3021","Fraser","St Albans South","3363"
"ST ALBANS","VIC","3021","Fraser","St Albans South East","3364"
"ST ALBANS","VIC","3021","Fraser","St Albans West (Fraser)","3365"
"SUNSHINE","VIC","3020","Fraser","Sunshine","3699"
"SUNSHINE WEST","VIC","3020","Fraser","Sunshine FRASER PPVC","38309"
"SUNSHINE NORTH","VIC","3020","Fraser","Sunshine North","3367"
"SUNSHINE NORTH","VIC","3020","Fraser","Sunshine North West","3347"
"SUNSHINE","VIC","3020","Fraser","Sunvale","3350"
"SYDENHAM","VIC","3437","Fraser","Sydenham Central (Fraser)","46561"
"SYDENHAM","VIC","3038","Fraser","Sydenham East","83803"
"SYDENHAM","VIC","3038","Fraser","Sydenham West (Fraser)","47832"
"TAYLORS LAKES","VIC","3038","Fraser","Taylors Lakes","8907"
"TAYLORS LAKES","VIC","3038","Fraser","Taylors Lakes Central","47828"
"TAYLORS LAKES","VIC","3038","Fraser","Taylors Lakes North","33282"
"BRAYBROOK","VIC","3019","Fraser","Tottenham North (Fraser)","3701"
"POINT COOK","VIC","3030","Gellibrand","Alamanda (Gellibrand)","92004"
"ALTONA","VIC","3018","Gellibrand","Altona","4236"
"ALTONA MEADOWS","VIC","3028","Gellibrand","Altona Bay","8893"
"NEWPORT","VIC","3018","Gellibrand","Altona East","3676"
"ALTONA NORTH","VIC","3025","Gellibrand","Altona Gate","3677"
"ALTONA MEADOWS","VIC","3028","Gellibrand","Altona Green","58455"
"ALTONA MEADOWS","VIC","3028","Gellibrand","Altona Meadows","4237"
"ALTONA MEADOWS","VIC","3028","Gellibrand","Altona Meadows East","83734"
"ALTONA NORTH","VIC","3025","Gellibrand","Altona North","3678"
"ALTONA","VIC","3018","Gellibrand","Altona PPVC","83964"
"ALTONA","VIC","3018","Gellibrand","Altona West","4238"
"BRAYBROOK","VIC","3019","Gellibrand","BLV Gellibrand PPVC","65439"
"POINT COOK","VIC","3030","Gellibrand","Boardwalk (Gellibrand)","36443"
"POINT COOK","VIC","3030","Gellibrand","Boardwalk Central (Gellibrand)","47822"
"BRAYBROOK","VIC","3019","Gellibrand","Divisional Office (PREPOLL)","30203"
"POINT COOK","VIC","3030","Gellibrand","Featherbrook (Gellibrand)","92007"
"FOOTSCRAY","VIC","3011","Gellibrand","Footscray (Gellibrand)","3680"
"SEDDON","VIC","3011","Gellibrand","Footscray Central","3681"
"WEST FOOTSCRAY","VIC","3012","Gellibrand","Footscray GELLIBRAND PPVC","58762"
"FOOTSCRAY","VIC","3011","Gellibrand","Footscray South","3685"
"HOPPERS CROSSING","VIC","3029","Gellibrand","Hoppers Crossing GELLIBRAND PPVC","64709"
"POINT COOK","VIC","3030","Gellibrand","Innisfail (Gellibrand)","65111"
"YARRAVILLE","VIC","3013","Gellibrand","Kingsville","3687"
"LAVERTON","VIC","3028","Gellibrand","Laverton North","4248"
"MELBOURNE","VIC","3000","Gellibrand","Melbourne (Gellibrand)","31984"
"MELBOURNE","VIC","3000","Gellibrand","Melbourne GELLIBRAND PPVC","83904"
"NEWPORT","VIC","3015","Gellibrand","Newport","3693"
"NEWPORT","VIC","3015","Gellibrand","Newport East","3694"
"NEWPORT","VIC","3015","Gellibrand","Newport West","3695"
"POINT COOK","VIC","3030","Gellibrand","Point Cook (Gellibrand)","46531"
"POINT COOK","VIC","3030","Gellibrand","Sanctuary Lakes (Gellibrand)","83022"
"POINT COOK","VIC","3030","Gellibrand","Sanctuary Lakes South","82874"
"SEABROOK","VIC","3028","Gellibrand","Seabrook","32908"
"ALTONA","VIC","3018","Gellibrand","Seaholme","4256"
"SEDDON","VIC","3011","Gellibrand","Seddon","3696"
"SOUTH KINGSVILLE","VIC","3015","Gellibrand","South Kingsville","3698"
"SPOTSWOOD","VIC","3015","Gellibrand","Spotswood","3697"
"SUNSHINE WEST","VIC","3020","Gellibrand","Sunshine GELLIBRAND PPVC","63605"
"TRUGANINA","VIC","3029","Gellibrand","Truganina South (Gellibrand)","91999"
"WILLIAMSTOWN","VIC","3016","Gellibrand","Williamstown","3702"
"WILLIAMSTOWN","VIC","3016","Gellibrand","Williamstown Bayview","83733"
"WILLIAMSTOWN","VIC","3015","Gellibrand","Williamstown North","3703"
"WILLIAMSTOWN","VIC","3015","Gellibrand","Williamstown South","3704"
"WILLIAMSTOWN","VIC","3015","Gellibrand","Williamstown West","3705"
"YARRAVILLE","VIC","3013","Gellibrand","Yarraville","3706"
"YARRAVILLE","VIC","3013","Gellibrand","Yarraville Central","3707"
"YARRAVILLE","VIC","3013","Gellibrand","Yarraville South","3688"
"BEAUMARIS","VIC","3193","Goldstein","Beaumaris","4133"
"BEAUMARIS","VIC","3193","Goldstein","Beaumaris Central","83811"
"MENTONE","VIC","3194","Goldstein","Beaumaris East (Goldstein)","31765"
"BEAUMARIS","VIC","3193","Goldstein","Beaumaris North","4136"
"BENTLEIGH","VIC","3204","Goldstein","Bentleigh","3852"
"BENTLEIGH EAST","VIC","3165","Goldstein","Bentleigh Central (Goldstein)","31762"
"BENTLEIGH","VIC","3204","Goldstein","Bentleigh West","3853"
"BLACK ROCK","VIC","3193","Goldstein","Black Rock","4138"
"BLACK ROCK","VIC","3193","Goldstein","Black Rock South","4139"
"HEATHERTON","VIC","3202","Goldstein","BLV Goldstein PPVC","65443"
"BRIGHTON","VIC","3186","Goldstein","Brighton","3854"
"BRIGHTON","VIC","3186","Goldstein","Brighton Beach","3855"
"BRIGHTON EAST","VIC","3187","Goldstein","Brighton East","3857"
"BRIGHTON","VIC","3186","Goldstein","Brighton South","3862"
"CAULFIELD SOUTH","VIC","3162","Goldstein","Caulfield South","3860"
"CHELTENHAM","VIC","3192","Goldstein","Cheltenham (Goldstein)","4145"
"HEATHERTON","VIC","3202","Goldstein","Divisional Office (PREPOLL)","30205"
"ELSTERNWICK","VIC","3185","Goldstein","Elsternwick (Goldstein)","63669"
"CAULFIELD SOUTH","VIC","3162","Goldstein","Elsternwick Central","3859"
"SOUTH YARRA","VIC","3141","Higgins","Hawksburn Central","4668"
"CAULFIELD SOUTH","VIC","3162","Goldstein","Elsternwick North (Goldstein)","3864"
"BRIGHTON","VIC","3186","Goldstein","Elsternwick South","3865"
"BRIGHTON","VIC","3186","Goldstein","Gardenvale","3866"
"CAULFIELD SOUTH","VIC","3162","Goldstein","Glenhuntly","3896"
"CARNEGIE","VIC","3163","Goldstein","Glenhuntly East (Goldstein)","3897"
"HAMPTON","VIC","3188","Goldstein","Hampton","3867"
"HAMPTON","VIC","3188","Goldstein","Hampton Central","3868"
"HAMPTON EAST","VIC","3188","Goldstein","Hampton East","3877"
"HAMPTON","VIC","3188","Goldstein","Hampton PPVC","97599"
"HIGHETT","VIC","3190","Goldstein","Highett (Goldstein)","3869"
"HIGHETT","VIC","3190","Goldstein","Highett West","3872"
"BRIGHTON EAST","VIC","3187","Goldstein","Landcox","3873"
"HAMPTON","VIC","3188","Goldstein","Ludstone","3874"
"MCKINNON","VIC","3204","Goldstein","McKinnon","3902"
"MCKINNON","VIC","3204","Goldstein","McKinnon East (Goldstein)","3912"
"MALVERN","VIC","3144","Goldstein","Malvern GOLDSTEIN PPVC","83933"
"MELBOURNE","VIC","3000","Goldstein","Melbourne (Goldstein)","82810"
"SOUTHBANK","VIC","3006","Goldstein","Melbourne Central GOLDSTEIN PPVC","97507"
"MELBOURNE","VIC","3000","Goldstein","Melbourne GOLDSTEIN PPVC","83906"
"BRIGHTON","VIC","3186","Goldstein","Middle Brighton","3875"
"CHELTENHAM","VIC","3192","Goldstein","Moorabbin GOLDSTEIN PPVC","83939"
"BENTLEIGH EAST","VIC","3165","Goldstein","Moorabbin South (Goldstein)","64688"
"OAKLEIGH","VIC","3166","Goldstein","Oakleigh GOLDSTEIN PPVC","64648"
"ORMOND","VIC","3204","Goldstein","Ormond West","3913"
"MELBOURNE","VIC","3004","Goldstein","St Kilda GOLDSTEIN PPVC","65901"
"SANDRINGHAM","VIC","3191","Goldstein","Sandringham","3881"
"SANDRINGHAM","VIC","3191","Goldstein","Sandringham North","3882"
"KINGS PARK","VIC","3021","Gorton","Albanvale (Gorton)","92050"
"MELTON WEST","VIC","3337","Gorton","Arnolds Creek","67006"
"BRAYBROOK","VIC","3019","Gorton","BLV Gorton PPVC","65441"
"MELTON SOUTH","VIC","3338","Gorton","Brookfield","64674"
"CAROLINE SPRINGS","VIC","3023","Gorton","Brookside","34094"
"BURNSIDE","VIC","3023","Gorton","Burnside","97536"
"BURNSIDE HEIGHTS","VIC","3023","Gorton","Burnside Heights","83035"
"CAIRNLEA","VIC","3023","Gorton","Cairnlea (Gorton)","92053"
"CAROLINE SPRINGS","VIC","3023","Gorton","Caroline Springs","47831"
"MELTON SOUTH","VIC","3338","Gorton","Coburn","4251"
"CAROLINE SPRINGS","VIC","3023","Gorton","Creekside","46552"
"DEER PARK","VIC","3023","Gorton","Deer Park","4242"
"DEER PARK","VIC","3023","Gorton","Deer Park Central (Gorton)","83488"
"DEER PARK","VIC","3023","Gorton","Deer Park West","4244"
"DELAHEY","VIC","3037","Gorton","Delahey (Gorton)","92052"
"DERRIMUT","VIC","3030","Gorton","Derrimut","47825"
"DIGGERS REST","VIC","3427","Gorton","Diggers Rest","3352"
"BRAYBROOK","VIC","3019","Gorton","Divisional Office (PREPOLL)","35527"
"EXFORD","VIC","3338","Gorton","Exford","4245"
"PLUMPTON","VIC","3335","Gorton","Fraser Rise","83482"
"HILLSIDE","VIC","3037","Gorton","Hillside","36400"
"KINGS PARK","VIC","3021","Gorton","Kings Park (Gorton)","92051"
"KURUNJANG","VIC","3337","Gorton","Kurunjang","4246"
"MELTON","VIC","3337","Gorton","Melton","4250"
"MELTON","VIC","3337","Gorton","Melton Central","83780"
"MELTON","VIC","3337","Gorton","Melton GORTON PPVC","38304"
"MELTON SOUTH","VIC","3338","Gorton","Melton South","4252"
"HILLSIDE","VIC","3037","Gorton","Parkwood Green","46557"
"ROCKBANK","VIC","3335","Gorton","Rockbank","4255"
"ST ALBANS","VIC","3021","Gorton","St Albans West (Gorton)","64645"
"CAROLINE SPRINGS","VIC","3023","Gorton","Springside","47827"
"SUNSHINE WEST","VIC","3020","Gorton","Sunshine GORTON PPVC","64711"
"SYDENHAM","VIC","3437","Gorton","Sydenham Central (Gorton)","63745"
"SYDENHAM","VIC","3038","Gorton","Sydenham West (Gorton)","63747"
"TAYLORS HILL","VIC","3037","Gorton","Taylors Hill","47826"
"TOOLERN VALE","VIC","3337","Gorton","Toolern Vale","3334"
"MELTON WEST","VIC","3337","Gorton","Westlake","8897"
"MELTON","VIC","3337","Gorton","West Melton","4263"
"ARMADALE","VIC","3143","Higgins","Armadale","3917"
"ASHBURTON","VIC","3147","Higgins","Ashburton","3416"
"CAMBERWELL","VIC","3124","Higgins","BLV Higgins PPVC","65527"
"GLEN IRIS","VIC","3146","Higgins","Burwood","3425"
"GLEN IRIS","VIC","3146","Higgins","Burwood West","3919"
"GLEN IRIS","VIC","3146","Higgins","Camberwell South (Higgins)","3922"
"CARNEGIE","VIC","3163","Higgins","Carnegie","3889"
"CARNEGIE","VIC","3163","Higgins","Carnegie East","3890"
"MALVERN EAST","VIC","3145","Higgins","Carnegie North","3891"
"GLENHUNTLY","VIC","3163","Higgins","Carnegie Upper","31769"
"MALVERN EAST","VIC","3145","Higgins","Chadstone","3893"
"GLEN IRIS","VIC","3146","Higgins","Darling","3930"
"CAMBERWELL","VIC","3124","Higgins","Divisional Office (PREPOLL)","30206"
"SOUTH YARRA","VIC","3141","Higgins","Fawkner Park (Higgins)","65687"
"GLEN IRIS","VIC","3146","Higgins","Gardiner","3932"
"CARNEGIE","VIC","3163","Higgins","Glenhuntly East (Higgins)","63761"
"GLEN IRIS","VIC","3146","Higgins","Glen Iris","3933"
"ASHBURTON","VIC","3147","Higgins","Glen Iris South","3934"
"SOUTH YARRA","VIC","3141","Higgins","Hawksburn","4667"
"HAWTHORN","VIC","3122","Higgins","Hawthorn HIGGINS PPVC","65213"
"HUGHESDALE","VIC","3166","Higgins","Hughesdale","3899"
"BENTLEIGH EAST","VIC","3165","Higgins","Hughesdale South (Higgins)","97457"
"MALVERN","VIC","3144","Higgins","Malvern","3939"
"MALVERN","VIC","3144","Higgins","Malvern Central","3940"
"MALVERN EAST","VIC","3145","Higgins","Malvern East","3903"
"MALVERN","VIC","3144","Higgins","Malvern HIGGINS PPVC","34282"
"ARMADALE","VIC","3143","Higgins","Malvern Lower","3941"
"MALVERN EAST","VIC","3145","Higgins","Malvern South","3942"
"ARMADALE","VIC","3143","Higgins","Malvern West","3943"
"MELBOURNE","VIC","3000","Higgins","Melbourne (Higgins)","32004"
"SOUTHBANK","VIC","3006","Higgins","Melbourne Central HIGGINS PPVC","97512"
"MELBOURNE","VIC","3000","Higgins","Melbourne HIGGINS PPVC","83908"
"MURRUMBEENA","VIC","3163","Higgins","Murrumbeena","3904"
"MURRUMBEENA","VIC","3163","Higgins","Murrumbeena South","3905"
"OAKLEIGH","VIC","3166","Higgins","Oakleigh (Higgins)","34017"
"OAKLEIGH","VIC","3166","Higgins","Oakleigh HIGGINS PPVC","64656"
"PRAHRAN","VIC","3181","Higgins","Orrong","3944"
"PRAHRAN","VIC","3181","Higgins","Prahran (Higgins)","4673"
"PRAHRAN","VIC","3181","Higgins","Prahran East (Higgins)","4674"
"SOUTH YARRA","VIC","3141","Higgins","South Yarra","4688"
"SOUTH YARRA","VIC","3141","Higgins","South Yarra Central","83875"
"SOUTH YARRA","VIC","3141","Higgins","South Yarra HIGGINS PPVC","83886"
"TOORAK","VIC","3142","Higgins","Toorak","3945"
"TOORAK","VIC","3142","Higgins","Toorak Central","3946"
"TOORAK","VIC","3142","Higgins","Toorak West","3947"
"WINDSOR","VIC","3181","Higgins","Windsor (Higgins)","92054"
"BERWICK","VIC","3806","Holt","Berwick Fields (Holt)","92172"
"BERWICK","VIC","3806","Holt","Berwick HOLT PPVC","65902"
"BLIND BIGHT","VIC","3980","Holt","Blind Bight","33295"
"CRANBOURNE","VIC","3977","Holt","BLV Holt PPVC","65413"
"CRANBOURNE NORTH","VIC","3977","Holt","Casey Central (Holt)","83281"
"CLYDE","VIC","3978","Holt","Clyde (Holt)","82860"
"CLYDE NORTH","VIC","3978","Holt","Clyde North (Holt)","83280"
"HAMPTON PARK","VIC","3976","Holt","Coral Park","31050"
"CRANBOURNE NORTH","VIC","3977","Holt","Courtney Gardens","32372"
"CRANBOURNE","VIC","3977","Holt","Cranbourne","3960"
"CRANBOURNE EAST","VIC","3977","Holt","Cranbourne East","64603"
"CRANBOURNE WEST","VIC","3977","Holt","Cranbourne Heights","47810"
"CRANBOURNE","VIC","3977","Holt","Cranbourne HOLT PPVC","38290"
"CRANBOURNE NORTH","VIC","3977","Holt","Cranbourne North","47813"
"CRANBOURNE","VIC","3977","Holt","Cranbourne North East","47814"
"CRANBOURNE","VIC","3977","Holt","Cranbourne Park","3961"
"CRANBOURNE SOUTH","VIC","3977","Holt","Cranbourne South","3624"
"CRANBOURNE WEST","VIC","3977","Holt","Cranbourne South West","83266"
"CRANBOURNE","VIC","3977","Holt","Cranbourne West","11647"
"DANDENONG NORTH","VIC","3175","Holt","Dandenong HOLT PPVC","58783"
"DEVON MEADOWS","VIC","3977","Holt","Devon Meadows","3628"
"CRANBOURNE","VIC","3977","Holt","Divisional Office (PREPOLL)","30207"
"HAMPTON PARK","VIC","3976","Holt","Hampton Park","11655"
"HAMPTON PARK","VIC","3976","Holt","Hampton Park East","3966"
"NARRE WARREN SOUTH","VIC","3805","Holt","Hillsmeade (Holt)","63835"
"HAMPTON PARK","VIC","3976","Holt","Kilberry Valley","36441"
"LYNBROOK","VIC","3975","Holt","Lynbrook","46564"
"LYNBROOK","VIC","3975","Holt","Lynbrook South","83365"
"CRANBOURNE NORTH","VIC","3977","Holt","Lyndhurst","3967"
"LYNDHURST","VIC","3975","Holt","Lyndhurst West","64604"
"NARRE WARREN","VIC","3805","Holt","Narre Warren (Holt)","63833"
"NARRE WARREN SOUTH","VIC","3805","Holt","Narre Warren South","36442"
"NARRE WARREN SOUTH","VIC","3805","Holt","Oakgrove","83487"
"PEARCEDALE","VIC","3912","Holt","Pearcedale","3649"
"CRANBOURNE","VIC","3977","Holt","Rangebank","83361"
"NARRE WARREN SOUTH","VIC","3805","Holt","Strathaird","46567"
"TOORADIN","VIC","3980","Holt","Tooradin","3665"
"MULGRAVE","VIC","3170","Hotham","Albany Rise","3238"
"BENTLEIGH EAST","VIC","3165","Hotham","Bentleigh Central (Hotham)","3887"
"BENTLEIGH EAST","VIC","3165","Hotham","Bentleigh East","3988"
"HEATHERTON","VIC","3202","Hotham","BLV Hotham PPVC","65519"
"WHEELERS HILL","VIC","3150","Hotham","Brandon Park","3220"
"GLEN WAVERLEY","VIC","3150","Hotham","Brentwood (Hotham)","3221"
"CHADSTONE","VIC","3148","Hotham","Chadstone East (Hotham)","92247"
"CLARINDA","VIC","3169","Hotham","Clarinda","3992"
"CLARINDA","VIC","3169","Hotham","Clarinda South","3993"
"CLAYTON","VIC","3168","Hotham","Clayton","3223"
"CLAYTON","VIC","3168","Hotham","Clayton North","3225"
"CLAYTON SOUTH","VIC","3169","Hotham","Clayton South","3994"
"BENTLEIGH EAST","VIC","3165","Hotham","Coatesville","3895"
"HEATHERTON","VIC","3202","Hotham","Divisional Office (PREPOLL)","30208"
"MULGRAVE","VIC","3170","Hotham","Gladeswood","3227"
"OAKLEIGH SOUTH","VIC","3165","Hotham","Heatherton North","11527"
"BENTLEIGH EAST","VIC","3165","Hotham","Hughesdale South (Hotham)","3900"
"WHEELERS HILL","VIC","3150","Hotham","Jells Park","3233"
"MCKINNON","VIC","3204","Hotham","McKinnon East (Hotham)","65894"
"BENTLEIGH EAST","VIC","3165","Hotham","Moorabbin Heights","4014"
"CHELTENHAM","VIC","3192","Hotham","Moorabbin HOTHAM PPVC","83815"
"BENTLEIGH EAST","VIC","3165","Hotham","Moorabbin South (Hotham)","4004"
"MT WAVERLEY","VIC","3149","Hotham","Mount Waverley South (Hotham)","92233"
"MULGRAVE","VIC","3170","Hotham","Mulgrave","3237"
"MULGRAVE","VIC","3170","Hotham","Mulgrave HOTHAM PPVC","36432"
"OAKLEIGH","VIC","3166","Hotham","Oakleigh (Hotham)","3906"
"OAKLEIGH","VIC","3166","Hotham","Oakleigh Central","3907"
"OAKLEIGH EAST","VIC","3166","Hotham","Oakleigh East","3239"
"OAKLEIGH","VIC","3166","Hotham","Oakleigh HOTHAM PPVC","58653"
"OAKLEIGH SOUTH","VIC","3167","Hotham","Oakleigh South","3909"
"MT WAVERLEY","VIC","3149","Hotham","Pinewood (Hotham)","31846"
"SPRINGVALE","VIC","3171","Hotham","Sandown Park (Hotham)","92206"
"CLAYTON","VIC","3168","Hotham","Special Hospital Team 3","92208"
"SPRINGVALE","VIC","3171","Hotham","Springvale (Hotham)","4008"
"SPRINGVALE SOUTH","VIC","3172","Hotham","Springvale HOTHAM PPVC","34061"
"SPRINGVALE SOUTH","VIC","3172","Hotham","Springvale South (Hotham)","92270"
"SPRINGVALE","VIC","3171","Hotham","Springvale West","4010"
"SPRINGVALE SOUTH","VIC","3172","Hotham","Spring Valley","4011"
"MT WAVERLEY","VIC","3149","Hotham","Sussex Heights","3241"
"BENTLEIGH EAST","VIC","3165","Hotham","Valkstone","82833"
"WHEELERS HILL","VIC","3150","Hotham","Waverley Meadows","3243"
"GLEN WAVERLEY","VIC","3150","Hotham","Wayburne (Hotham)","92209"
"MULGRAVE","VIC","3170","Hotham","Wellington (Hotham)","3222"
"CLAYTON SOUTH","VIC","3169","Hotham","Westall","4012"
"WHEELERS HILL","VIC","3150","Hotham","Wheelers Hill","3246"
"WHEELERS HILL","VIC","3150","Hotham","Wheelers Hill South","3247"
"ALEXANDRA","VIC","3714","Indi","Alexandra","4307"
"FLOWERDALE","VIC","3717","Indi","Flowerdale","4324"
"GLENBURN","VIC","3717","Indi","Glenburn","4325"
"KINGLAKE","VIC","3763","Indi","Kinglake","4336"
"KINGLAKE WEST","VIC","3757","Indi","Kinglake West","4337"
"MARYSVILLE","VIC","3779","Indi","Marysville","4891"
"NARBETHONG","VIC","3778","Indi","Narbethong","4901"
"TAGGERTY","VIC","3714","Indi","Taggerty","4362"
"THORNTON","VIC","3712","Indi","Thornton","4366"
"TOOLANGI","VIC","3777","Indi","Toolangi","4367"
"YEA","VIC","3717","Indi","Yea","4379"
"ASPENDALE","VIC","3195","Isaacs","Aspendale","4131"
"ASPENDALE","VIC","3195","Isaacs","Aspendale Central","97601"
"ASPENDALE GARDENS","VIC","3195","Isaacs","Aspendale Gardens","11888"
"MENTONE","VIC","3194","Isaacs","Beaumaris East (Isaacs)","4135"
"HEATHERTON","VIC","3202","Isaacs","BLV Isaacs PPVC","65539"
"BONBEACH","VIC","3196","Isaacs","Bonbeach","4140"
"CARRUM","VIC","3197","Isaacs","Carrum","4141"
"KEYSBOROUGH","VIC","3173","Isaacs","Chandler (Isaacs)","92394"
"CHELSEA","VIC","3196","Isaacs","Chelsea","4142"
"CHELSEA","VIC","3196","Isaacs","Chelsea Central","4143"
"CHELSEA HEIGHTS","VIC","3195","Isaacs","Chelsea Heights","4144"
"CHELTENHAM","VIC","3192","Isaacs","Cheltenham (Isaacs)","31575"
"CHELTENHAM","VIC","3192","Isaacs","Cheltenham East","3989"
"CHELTENHAM","VIC","3192","Isaacs","Cheltenham North","3990"
"CHELTENHAM","VIC","3192","Isaacs","Cheltenham South","3991"
"SPRINGVALE SOUTH","VIC","3172","Isaacs","Coomoora (Isaacs)","63938"
"DANDENONG NORTH","VIC","3175","Isaacs","Dandenong ISAACS PPVC","58802"
"DANDENONG","VIC","3175","Isaacs","Dandenong South","3964"
"DINGLEY VILLAGE","VIC","3172","Isaacs","Dingley","97602"
"DINGLEY VILLAGE","VIC","3172","Isaacs","Dingley Village","3996"
"HEATHERTON","VIC","3202","Isaacs","Divisional Office (PREPOLL)","30210"
"EDITHVALE","VIC","3196","Isaacs","Edithvale","4148"
"FRANKSTON","VIC","3199","Isaacs","Frankston ISAACS PPVC","65868"
"HIGHETT","VIC","3190","Isaacs","Highett (Isaacs)","97454"
"KEYSBOROUGH","VIC","3173","Isaacs","Keysborough","3968"
"KEYSBOROUGH","VIC","3173","Isaacs","Keysborough South","83756"
"KEYSBOROUGH","VIC","3173","Isaacs","Keysborough West","65860"
"CHELTENHAM","VIC","3192","Isaacs","Kingston Heath","4000"
"DINGLEY VILLAGE","VIC","3172","Isaacs","Kingswood","4001"
"MENTONE","VIC","3194","Isaacs","Mentone","4150"
"MENTONE","VIC","3194","Isaacs","Mentone North","82991"
"MENTONE","VIC","3194","Isaacs","Mentone Park","4002"
"CHELTENHAM","VIC","3192","Isaacs","Moorabbin ISAACS PPVC","83817"
"BENTLEIGH EAST","VIC","3165","Isaacs","Moorabbin South (Isaacs)","92370"
"MOORABBIN","VIC","3189","Isaacs","Moorabbin South East","4005"
"MORDIALLOC","VIC","3195","Isaacs","Mordialloc East","4154"
"MORDIALLOC","VIC","3195","Isaacs","Mordialloc PPVC","97617"
"PARKDALE","VIC","3195","Isaacs","Parkdale","4155"
"PARKDALE","VIC","3195","Isaacs","Parkdale Central","4156"
"MORDIALLOC","VIC","3195","Isaacs","Parkdale East","4157"
"PATTERSON LAKES","VIC","3197","Isaacs","Patterson Central","83757"
"PATTERSON LAKES","VIC","3197","Isaacs","Patterson Lakes","4158"
"MOORABBIN","VIC","3189","Isaacs","Southmoor","4003"
"SPRINGVALE SOUTH","VIC","3172","Isaacs","Springvale ISAACS PPVC","65867"
"GREENSBOROUGH","VIC","3088","Jagajaga","Apollo Parkways","4308"
"ROSANNA","VIC","3084","Jagajaga","Banyule","4164"
"BELLFIELD","VIC","3081","Jagajaga","Bellfield","51219"
"HEIDELBERG","VIC","3084","Jagajaga","BLV Jagajaga PPVC","65556"
"BRIAR HILL","VIC","3088","Jagajaga","Briar Hill","4314"
"BUNDOORA","VIC","3083","Jagajaga","Bundoora (Jagajaga)","4165"
"DIAMOND CREEK","VIC","3089","Jagajaga","Diamond Creek","3380"
"DIAMOND CREEK","VIC","3089","Jagajaga","Diamond Creek East","3381"
"DIAMOND CREEK","VIC","3089","Jagajaga","Diamond Creek West","83654"
"HEIDELBERG","VIC","3084","Jagajaga","Divisional Office (PREPOLL)","30211"
"ELTHAM","VIC","3095","Jagajaga","Eltham (Jagajaga)","92404"
"ELTHAM NORTH","VIC","3095","Jagajaga","Eltham North (Jagajaga)","92406"
"IVANHOE","VIC","3079","Jagajaga","Fairy Hills","4168"
"ELTHAM NORTH","VIC","3095","Jagajaga","Glendale (Jagajaga)","58457"
"GREENSBOROUGH","VIC","3088","Jagajaga","Greenhills","4329"
"GREENSBOROUGH","VIC","3088","Jagajaga","Greensborough","4330"
"GREENSBOROUGH","VIC","3088","Jagajaga","Greensborough JAGAJAGA PPVC","58458"
"BUNDOORA","VIC","3083","Jagajaga","Grimshaw (Jagajaga)","4170"
"HEIDELBERG","VIC","3084","Jagajaga","Heidelberg","4172"
"HEIDELBERG","VIC","3084","Jagajaga","Heidelberg JAGAJAGA PPVC","38297"
"HEIDELBERG WEST","VIC","3081","Jagajaga","Heidelberg West","4175"
"IVANHOE","VIC","3079","Jagajaga","Ivanhoe","4176"
"IVANHOE EAST","VIC","3079","Jagajaga","Ivanhoe East","4178"
"LOWER PLENTY","VIC","3093","Jagajaga","Lower Plenty","4707"
"MACLEOD","VIC","3085","Jagajaga","Macleod","4182"
"MILL PARK","VIC","3082","Jagajaga","Mill Park JAGAJAGA PPVC","92436"
"MONTMORENCY","VIC","3094","Jagajaga","Montmorency","4347"
"MONTMORENCY","VIC","3094","Jagajaga","Montmorency South (Jagajaga)","4348"
"HEIDELBERG WEST","VIC","3081","Jagajaga","Olympic Village","4174"
"PLENTY","VIC","3090","Jagajaga","Plenty","4353"
"ROSANNA","VIC","3084","Jagajaga","Rosanna","4186"
"ELTHAM NORTH","VIC","3095","Jagajaga","St Helena (Jagajaga)","12081"
"SOUTH MORANG","VIC","3752","Jagajaga","South Morang JAGAJAGA PPVC","92431"
"VIEWBANK","VIC","3084","Jagajaga","Viewbank","4189"
"HEIDELBERG HEIGHTS","VIC","3081","Jagajaga","Waiora","4171"
"WATSONIA","VIC","3087","Jagajaga","Watsonia","4191"
"WATSONIA","VIC","3087","Jagajaga","Watsonia Central","4192"
"WATSONIA NORTH","VIC","3087","Jagajaga","Watsonia North","4193"
"WATTLE GLEN","VIC","3096","Jagajaga","Wattle Glen","11529"
"YALLAMBIE","VIC","3085","Jagajaga","Yallambie","4195"
"HAWTHORN","VIC","3122","Kooyong","Auburn","4198"
"HAWTHORN EAST","VIC","3123","Kooyong","Auburn North","4199"
"HAWTHORN EAST","VIC","3123","Kooyong","Auburn South","3918"
"BALWYN","VIC","3103","Kooyong","Balwyn","4200"
"BALWYN","VIC","3103","Kooyong","Balwyn Central","4201"
"BALWYN NORTH","VIC","3104","Kooyong","Balwyn North","4203"
"BALWYN NORTH","VIC","3104","Kooyong","Bellevue","4204"
"CAMBERWELL","VIC","3124","Kooyong","BLV Kooyong PPVC","65528"
"BALWYN NORTH","VIC","3104","Kooyong","Boroondara","4208"
"CAMBERWELL","VIC","3124","Kooyong","Camberwell","3920"
"CANTERBURY","VIC","3126","Kooyong","Camberwell East","4209"
"CAMBERWELL","VIC","3124","Kooyong","Camberwell Middle","3921"
"CANTERBURY","VIC","3126","Kooyong","Camberwell North","4210"
"GLEN IRIS","VIC","3146","Kooyong","Camberwell South (Kooyong)","64001"
"SURREY HILLS","VIC","3127","Kooyong","Canterbury North","4212"
"CANTERBURY","VIC","3126","Kooyong","Canterbury South","4213"
"CANTERBURY","VIC","3126","Kooyong","Chatham","3427"
"KEW","VIC","3101","Kooyong","Cotham","4214"
"DEEPDENE","VIC","3103","Kooyong","Deepdene","4215"
"CAMBERWELL","VIC","3124","Kooyong","Divisional Office (PREPOLL)","30212"
"SURREY HILLS","VIC","3127","Kooyong","Elgar Park (Kooyong)","92454"
"HAWTHORN","VIC","3122","Kooyong","Glenferrie","4217"
"HAWTHORN","VIC","3122","Kooyong","Glenferrie Central","4218"
"HAWTHORN","VIC","3122","Kooyong","Glenferrie South","4220"
"BALWYN NORTH","VIC","3104","Kooyong","Greythorn","4205"
"CAMBERWELL","VIC","3124","Kooyong","Hartwell","3431"
"HAWTHORN","VIC","3122","Kooyong","Hawthorn","4222"
"HAWTHORN","VIC","3122","Kooyong","Hawthorn KOOYONG PPVC","38306"
"CAMBERWELL","VIC","3124","Kooyong","Highfield Park","3432"
"KEW","VIC","3101","Kooyong","Hyde Park","4223"
"KEW","VIC","3101","Kooyong","Kew","4224"
"KEW EAST","VIC","3102","Kooyong","Kew East","4225"
"KEW EAST","VIC","3102","Kooyong","Kew North","4226"
"KEW","VIC","3101","Kooyong","Kew South","4228"
"BOX HILL NORTH","VIC","3129","Kooyong","Koonung Heights (Kooyong)","63986"
"MALVERN","VIC","3144","Kooyong","Malvern KOOYONG PPVC","65214"
"MELBOURNE","VIC","3000","Kooyong","Melbourne (Kooyong)","32021"
"SOUTHBANK","VIC","3006","Kooyong","Melbourne Central KOOYONG PPVC","97513"
"MELBOURNE","VIC","3000","Kooyong","Melbourne KOOYONG PPVC","83914"
"MONT ALBERT NORTH","VIC","3129","Kooyong","Mont Albert","3438"
"KEW","VIC","3101","Kooyong","Studley Park","4229"
"SURREY HILLS","VIC","3127","Kooyong","Surrey Hills (Kooyong)","3440"
"SURREY HILLS","VIC","3127","Kooyong","Surrey Hills West","4230"
"BEACONSFIELD","VIC","3807","La Trobe","Beaconsfield","4267"
"BEACONSFIELD UPPER","VIC","3808","La Trobe","Beaconsfield Upper","4268"
"BERWICK","VIC","3806","La Trobe","Berwick","4271"
"BERWICK","VIC","3806","La Trobe","Berwick Chase","47817"
"BERWICK","VIC","3806","La Trobe","Berwick Fields (La Trobe)","36440"
"BERWICK","VIC","3806","La Trobe","Berwick LA TROBE PPVC","65129"
"BERWICK","VIC","3806","La Trobe","Berwick Lodge","31057"
"BERWICK","VIC","3806","La Trobe","Berwick South","11651"
"BORONIA","VIC","3155","La Trobe","BLV La Trobe PPVC","65431"
"CRANBOURNE NORTH","VIC","3977","La Trobe","Casey Central (La Trobe)","83818"
"CLEMATIS","VIC","3782","La Trobe","Clematis","4873"
"CLYDE","VIC","3978","La Trobe","Clyde (La Trobe)","3959"
"CLYDE NORTH","VIC","3978","La Trobe","Clyde North (La Trobe)","83666"
"CLYDE NORTH","VIC","3978","La Trobe","Clyde North East","83700"
"COCKATOO","VIC","3781","La Trobe","Cockatoo","4874"
"CRANBOURNE","VIC","3977","La Trobe","Cranbourne LA TROBE PPVC","58658"
"BORONIA","VIC","3155","La Trobe","Divisional Office (PREPOLL)","30214"
"EMERALD","VIC","3782","La Trobe","Emerald","4880"
"GEMBROOK","VIC","3783","La Trobe","Gembrook","4881"
"HARKAWAY","VIC","3806","La Trobe","Harkaway","4289"
"NARRE WARREN SOUTH","VIC","3805","La Trobe","Hillsmeade (La Trobe)","46565"
"MACCLESFIELD","VIC","3782","La Trobe","Macclesfield (La Trobe)","92516"
"NAR NAR GOON","VIC","3812","La Trobe","Nar Nar Goon","4412"
"NAR NAR GOON NORTH","VIC","3812","La Trobe","Nar Nar Goon North","4902"
"NARRE WARREN","VIC","3805","La Trobe","Narre Warren (La Trobe)","32528"
"NARRE WARREN NORTH","VIC","3804","La Trobe","Narre Warren North (La Trobe)","4295"
"NARRE WARREN","VIC","3805","La Trobe","Oatlands","31538"
"OFFICER","VIC","3809","La Trobe","Officer","4296"
"OFFICER","VIC","3809","La Trobe","Officer Central","82933"
"PAKENHAM","VIC","3810","La Trobe","Pakenham","4421"
"PAKENHAM","VIC","3810","La Trobe","Pakenham Central","31058"
"PAKENHAM","VIC","3810","La Trobe","Pakenham East","97590"
"PAKENHAM","VIC","3810","La Trobe","Pakenham Lakeside","46529"
"PAKENHAM","VIC","3810","La Trobe","Pakenham LA TROBE PPVC","46584"
"PAKENHAM","VIC","3810","La Trobe","Pakenham North","4904"
"PAKENHAM","VIC","3810","La Trobe","Pakenham Shearwater","47818"
"PAKENHAM","VIC","3810","La Trobe","Pakenham Springs","65897"
"PAKENHAM UPPER","VIC","3810","La Trobe","Pakenham Upper","31495"
"PAKENHAM","VIC","3810","La Trobe","Pakenham West","83651"
"BERWICK","VIC","3806","La Trobe","Parkhill","46528"
"BERWICK","VIC","3806","La Trobe","Ridgemont","83722"
"BERWICK","VIC","3806","La Trobe","Timbarra","32535"
"PAKENHAM","VIC","3810","La Trobe","Toomuc Valley","4912"
"POINT COOK","VIC","3030","Lalor","Alamanda (Lalor)","65877"
"HOPPERS CROSSING","VIC","3029","Lalor","Bellbridge","4241"
"WERRIBEE","VIC","3030","Lalor","BLV Lalor PPVC","65507"
"POINT COOK","VIC","3030","Lalor","Boardwalk (Lalor)","92483"
"POINT COOK","VIC","3030","Lalor","Boardwalk Central (Lalor)","92485"
"HOPPERS CROSSING","VIC","3029","Lalor","Cambridge","31055"
"TARNEIT","VIC","3029","Lalor","Davis Creek","82873"
"HOPPERS CROSSING","VIC","3029","Lalor","Derrimut Heath","31056"
"WERRIBEE","VIC","3030","Lalor","Divisional Office (PREPOLL)","30213"
"POINT COOK","VIC","3030","Lalor","Featherbrook (Lalor)","82883"
"WERRIBEE","VIC","3030","Lalor","Galvin Park","4260"
"WERRIBEE","VIC","3030","Lalor","Glenorden","8894"
"HOPPERS CROSSING","VIC","3029","Lalor","Hoppers Crossing LALOR PPVC","65525"
"POINT COOK","VIC","3030","Lalor","Innisfail (Lalor)","92487"
"WYNDHAM VALE","VIC","3024","Lalor","Iramoo","4262"
"LITTLE RIVER","VIC","3211","Lalor","Little River","4249"
"WYNDHAM VALE","VIC","3024","Lalor","Manor Lakes","47816"
"WERRIBEE","VIC","3030","Lalor","Manorvale","8895"
"HOPPERS CROSSING","VIC","3029","Lalor","Mossfiel","4253"
"POINT COOK","VIC","3030","Lalor","Point Cook (Lalor)","92484"
"POINT COOK","VIC","3030","Lalor","Sanctuary Lakes (Lalor)","92489"
"TARNEIT","VIC","3029","Lalor","Tarneit","47823"
"TARNEIT","VIC","3029","Lalor","Tarneit Central","65866"
"TARNEIT","VIC","3029","Lalor","Tarneit West","82872"
"HOPPERS CROSSING","VIC","3029","Lalor","The Grange","31621"
"TARNEIT","VIC","3029","Lalor","Thomas Carr","83023"
"WERRIBEE","VIC","3030","Lalor","Thomas Chirnside","31622"
"TRUGANINA","VIC","3029","Lalor","Truganina","65871"
"TRUGANINA","VIC","3029","Lalor","Truganina South (Lalor)","64640"
"WERRIBEE","VIC","3030","Lalor","Werribee","4258"
"WERRIBEE","VIC","3030","Lalor","Werribee Central","4259"
"WERRIBEE","VIC","3030","Lalor","Werribee East","83864"
"WERRIBEE","VIC","3030","Lalor","Werribee PPVC","31959"
"WERRIBEE SOUTH","VIC","3030","Lalor","Werribee South","4261"
"WERRIBEE","VIC","3030","Lalor","Westgrove","31623"
"HOPPERS CROSSING","VIC","3029","Lalor","Woodville","4264"
"WYNDHAM VALE","VIC","3024","Lalor","Wyndham Vale","83024"
"WYNDHAM VALE","VIC","3024","Lalor","Wyndham Vale South","65874"
"ST KILDA","VIC","3182","Macnamara","Acland","4682"
"MELBOURNE","VIC","3004","Macnamara","Albert Park","82955"
"ST KILDA","VIC","3182","Macnamara","Argyle","4656"
"ST KILDA","VIC","3182","Macnamara","Blessington","4685"
"MELBOURNE","VIC","3000","Macnamara","BLV Macnamara PPVC","65427"
"ALBERT PARK","VIC","3206","Macnamara","Bridport","4657"
"CAULFIELD","VIC","3162","Macnamara","Caulfield","3924"
"CAULFIELD EAST","VIC","3145","Macnamara","Caulfield East","3926"
"CAULFIELD NORTH","VIC","3161","Macnamara","Caulfield North","3928"
"CAULFIELD NORTH","VIC","3161","Macnamara","Caulfield Upper","3929"
"MELBOURNE","VIC","3000","Macnamara","Divisional Office (PREPOLL)","30221"
"ELSTERNWICK","VIC","3185","Macnamara","Elsternwick (Macnamara)","3863"
"CAULFIELD SOUTH","VIC","3162","Macnamara","Elsternwick North (Macnamara)","64358"
"ELWOOD","VIC","3184","Macnamara","Elwood","4661"
"ELWOOD","VIC","3184","Macnamara","Elwood Central","97439"
"ELWOOD","VIC","3184","Macnamara","Elwood North","4662"
"SOUTH MELBOURNE","VIC","3207","Macnamara","Emerald Hill","4663"
"SOUTH YARRA","VIC","3141","Macnamara","Fawkner Park (Macnamara)","4655"
"PORT MELBOURNE","VIC","3207","Macnamara","Graham","4665"
"ALBERT PARK","VIC","3206","Macnamara","Kerferd","4669"
"MALVERN","VIC","3144","Macnamara","Malvern MACNAMARA PPVC","65659"
"MELBOURNE","VIC","3000","Macnamara","Melbourne (Macnamara)","32038"
"SOUTHBANK","VIC","3006","Macnamara","Melbourne Central MACNAMARA PPVC","97506"
"MELBOURNE","VIC","3000","Macnamara","Melbourne MACNAMARA PPVC","58641"
"MIDDLE PARK","VIC","3206","Macnamara","Middle Park","4670"
"PORT MELBOURNE","VIC","3207","Macnamara","Port Melbourne","4672"
"PORT MELBOURNE","VIC","3207","Macnamara","Port Melbourne Beach","83608"
"PRAHRAN","VIC","3181","Macnamara","Prahran (Macnamara)","92602"
"PRAHRAN","VIC","3181","Macnamara","Prahran East (Macnamara)","92603"
"ST KILDA EAST","VIC","3183","Macnamara","Ripponlea East","3879"
"ST KILDA","VIC","3182","Macnamara","Ripponlea North","3880"
"ST KILDA","VIC","3182","Macnamara","St Kilda","4681"
"MELBOURNE","VIC","3004","Macnamara","St Kilda MACNAMARA PPVC","11763"
"ST KILDA EAST","VIC","3183","Macnamara","St Kilda North","4683"
"ST KILDA","VIC","3182","Macnamara","St Kilda Park","4684"
"GARDEN CITY","VIC","3207","Macnamara","Sandridge","4686"
"SOUTHBANK","VIC","3006","Macnamara","Southbank","36435"
"SOUTH MELBOURNE","VIC","3205","Macnamara","South Melbourne","4687"
"SOUTH YARRA","VIC","3141","Macnamara","South Yarra MACNAMARA PPVC","97465"
"WINDSOR","VIC","3181","Macnamara","Windsor (Macnamara)","4689"
"ABERFELDIE","VIC","3040","Maribyrnong","Aberfeldie","4580"
"AIRPORT WEST","VIC","3042","Maribyrnong","Airport West","4600"
"ASCOT VALE","VIC","3032","Maribyrnong","Ascot Vale (Maribyrnong)","82956"
"ASCOT VALE","VIC","3032","Maribyrnong","Ascot Vale Central","4612"
"ASCOT VALE","VIC","3032","Maribyrnong","Ascot Vale East","4613"
"ASCOT VALE","VIC","3032","Maribyrnong","Ascot Vale West","4614"
"AVONDALE HEIGHTS","VIC","3034","Maribyrnong","Avondale Heights","3348"
"AVONDALE HEIGHTS","VIC","3034","Maribyrnong","Avondale Heights Central","12080"
"AVONDALE HEIGHTS","VIC","3034","Maribyrnong","Avondale Heights West","83781"
"ESSENDON FIELDS","VIC","3041","Maribyrnong","BLV Maribyrnong PPVC","65566"
"ESSENDON","VIC","3040","Maribyrnong","Buckley Park","4582"
"ESSENDON FIELDS","VIC","3041","Maribyrnong","Divisional Office (PREPOLL)","30216"
"ESSENDON","VIC","3040","Maribyrnong","Essendon","33305"
"ESSENDON","VIC","3040","Maribyrnong","Essendon MARIBYRNONG PPVC","33128"
"ESSENDON NORTH","VIC","3041","Maribyrnong","Essendon North","4585"
"ESSENDON","VIC","3040","Maribyrnong","Essendon South","4586"
"ESSENDON","VIC","3040","Maribyrnong","Essendon West","4587"
"FLEMINGTON","VIC","3031","Maribyrnong","Flemington (Maribyrnong)","4634"
"FOOTSCRAY","VIC","3011","Maribyrnong","Footscray (Maribyrnong)","92866"
"WEST FOOTSCRAY","VIC","3012","Maribyrnong","Footscray MARIBYRNONG PPVC","83764"
"WEST FOOTSCRAY","VIC","3012","Maribyrnong","Footscray North","33261"
"WEST FOOTSCRAY","VIC","3012","Maribyrnong","Footscray West","3686"
"ESSENDON","VIC","3040","Maribyrnong","Glenbervie","4590"
"GOWANBRAE","VIC","3043","Maribyrnong","Gowanbrae","38411"
"KEILOR EAST","VIC","3033","Maribyrnong","Keilor East","3358"
"KEILOR EAST","VIC","3033","Maribyrnong","Keilor Heights","4592"
"KEILOR EAST","VIC","3033","Maribyrnong","Keilor South","4594"
"KENSINGTON","VIC","3031","Maribyrnong","Kensington (Maribyrnong)","92927"
"FOOTSCRAY","VIC","3011","Maribyrnong","Maidstone","64267"
"MARIBYRNONG","VIC","3032","Maribyrnong","Maribyrnong","3692"
"MELBOURNE","VIC","3000","Maribyrnong","Melbourne (Maribyrnong)","32041"
"SOUTHBANK","VIC","3006","Maribyrnong","Melbourne Central MARIBYRNONG PPVC","97514"
"MELBOURNE","VIC","3000","Maribyrnong","Melbourne MARIBYRNONG PPVC","83918"
"ESSENDON","VIC","3040","Maribyrnong","Moonee Ponds Central","4597"
"MOONEE PONDS","VIC","3039","Maribyrnong","Moonee Ponds West","4599"
"NIDDRIE","VIC","3042","Maribyrnong","Niddrie Central","4601"
"STRATHMORE","VIC","3041","Maribyrnong","Strathmore","4603"
"STRATHMORE","VIC","3041","Maribyrnong","Strathmore North (Maribyrnong)","4604"
"SUNSHINE WEST","VIC","3020","Maribyrnong","Sunshine MARIBYRNONG PPVC","92914"
"BRAYBROOK","VIC","3019","Maribyrnong","Tottenham North (Maribyrnong)","92913"
"CRAIGIEBURN","VIC","3064","McEwen","Aitken Creek (McEwen)","92672"
"ARTHURS CREEK","VIC","3099","McEwen","Arthurs Creek","4309"
"BEVERIDGE","VIC","3753","McEwen","Beveridge","4312"
"BOLINDA","VIC","3432","McEwen","Bolinda","3260"
"BROADFORD","VIC","3658","McEwen","Broadford (McEwen)","92656"
"BULLENGAROOK","VIC","3437","McEwen","Bullengarook","3263"
"CLONBINANE","VIC","3658","McEwen","Clonbinane","11891"
"CRAIGIEBURN","VIC","3064","McEwen","Craigieburn MCEWEN PPVC","65865"
"DARRAWEIT GUIM","VIC","3756","McEwen","Darraweit Guim","4317"
"WOODSTOCK","VIC","3751","McEwen","Donnybrook","4334"
"DOREEN","VIC","3754","McEwen","Doreen","4318"
"DOREEN","VIC","3754","McEwen","Doreen Central","65896"
"DOREEN","VIC","3754","McEwen","Doreen East","82920"
"GISBORNE","VIC","3437","McEwen","Gisborne","3284"
"GISBORNE","VIC","3437","McEwen","Gisborne South","47803"
"HURSTBRIDGE","VIC","3099","McEwen","Hurstbridge","3385"
"SUNBURY","VIC","3429","McEwen","Jacksons Hill","83249"
"KANGAROO GROUND","VIC","3097","McEwen","Kangaroo Ground (McEwen)","64156"
"SUNBURY","VIC","3429","McEwen","Killara","33101"
"KILMORE","VIC","3764","McEwen","Kilmore","4335"
"KILMORE","VIC","3764","McEwen","Kilmore Central","82921"
"LANCEFIELD","VIC","3435","McEwen","Lancefield","3299"
"DOREEN","VIC","3754","McEwen","Laurimar","47802"
"DOREEN","VIC","3754","McEwen","Laurimar Central","83314"
"MACEDON","VIC","3440","McEwen","Macedon","3302"
"MERNDA","VIC","3754","McEwen","Mernda (McEwen)","4340"
"MERNDA","VIC","3754","McEwen","Mernda Central (McEwen)","92669"
"MERNDA","VIC","3754","McEwen","Mernda Park (McEwen)","92670"
"MERNDA","VIC","3754","McEwen","Mernda South (McEwen)","83324"
"MILL PARK","VIC","3082","McEwen","Mill Park MCEWEN PPVC","97522"
"MOUNT MACEDON","VIC","3441","McEwen","Mount Macedon","3313"
"MICKLEHAM","VIC","3064","McEwen","Mount Ridley North (McEwen)","92671"
"NEW GISBORNE","VIC","3438","McEwen","New Gisborne","3317"
"PANTON HILL","VIC","3759","McEwen","Panton Hill","3395"
"RIDDELLS CREEK","VIC","3431","McEwen","Riddell","3322"
"ROMSEY","VIC","3434","McEwen","Romsey","3323"
"ST ANDREWS","VIC","3761","McEwen","St Andrews","3403"
"SUNBURY","VIC","3429","McEwen","Sunbury","3327"
"SUNBURY","VIC","3429","McEwen","Sunbury Central PPVC","82784"
"SUNBURY","VIC","3429","McEwen","Sunbury East","11515"
"SUNBURY","VIC","3429","McEwen","Sunbury Heights","11516"
"SUNBURY","VIC","3429","McEwen","Sunbury North","3329"
"SUNBURY","VIC","3429","McEwen","Sunbury West","3330"
"SUNBURY","VIC","3429","McEwen","Sunbury West PPVC","58636"
"WALLAN","VIC","3756","McEwen","Wallan Central","4370"
"WALLAN","VIC","3756","McEwen","Wallan PPVC","83416"
"WALLAN","VIC","3756","McEwen","Wallan South","65451"
"WALLAN","VIC","3756","McEwen","Wallan Wallan","4371"
"WANDONG","VIC","3758","McEwen","Wandong","4372"
"WHITTLESEA","VIC","3757","McEwen","Whittlesea","4374"
"WHITTLESEA","VIC","3757","McEwen","Whittlesea Central","83308"
"WOLLERT","VIC","3750","McEwen","Wollert","4375"
"YAN YEAN","VIC","3755","McEwen","Yan Yean","4377"
"YARRAMBAT","VIC","3091","McEwen","Yarrambat","3411"
"ABBOTSFORD","VIC","3067","Melbourne","Abbotsford","4610"
"ABBOTSFORD","VIC","3067","Melbourne","Abbotsford South","82957"
"ASCOT VALE","VIC","3032","Melbourne","Ascot Vale (Melbourne)","93180"
"MELBOURNE","VIC","3000","Melbourne","BLV Melbourne PPVC","65426"
"BRUNSWICK EAST","VIC","3057","Melbourne","Brunswick East (Melbourne)","93181"
"BRUNSWICK EAST","VIC","3057","Melbourne","Brunswick South East (Melbourne)","64351"
"RICHMOND","VIC","3121","Melbourne","Burnley","4678"
"PARKVILLE","VIC","3052","Melbourne","Carlton","4621"
"CARLTON NORTH","VIC","3054","Melbourne","Carlton Central","4622"
"CARLTON","VIC","3053","Melbourne","Carlton South","4624"
"RICHMOND","VIC","3121","Melbourne","Citizens Park","83674"
"COLLINGWOOD","VIC","3066","Melbourne","Collingwood","4626"
"CLIFTON HILL","VIC","3068","Melbourne","Collingwood North (Melbourne)","64353"
"RICHMOND","VIC","3121","Melbourne","Cremorne","4679"
"FITZROY NORTH","VIC","3068","Melbourne","Delbridge","4628"
"MELBOURNE","VIC","3000","Melbourne","Divisional Office (PREPOLL)","30219"
"DOCKLANDS","VIC","3008","Melbourne","Docklands","47808"
"EAST MELBOURNE","VIC","3002","Melbourne","East Melbourne","4629"
"FITZROY","VIC","3065","Melbourne","Fitzroy","4631"
"FITZROY","VIC","3065","Melbourne","Fitzroy East","33053"
"FITZROY NORTH","VIC","3068","Melbourne","Fitzroy North","4633"
"FLEMINGTON","VIC","3031","Melbourne","Flemington (Melbourne)","93179"
"NORTH MELBOURNE","VIC","3051","Melbourne","Hotham Hill","4635"
"KENSINGTON","VIC","3031","Melbourne","Kensington (Melbourne)","4636"
"KENSINGTON","VIC","3031","Melbourne","Kensington Central","64658"
"MELBOURNE","VIC","3000","Melbourne","Melbourne (Melbourne)","4637"
"MELBOURNE","VIC","3000","Melbourne","Melbourne MELBOURNE PPVC","14318"
"FITZROY NORTH","VIC","3068","Melbourne","Merri (Melbourne)","4638"
"THORNBURY","VIC","3071","Melbourne","Northcote MELBOURNE PPVC","64641"
"NORTH MELBOURNE","VIC","3051","Melbourne","North Melbourne","4640"
"NORTH MELBOURNE","VIC","3051","Melbourne","North Melbourne Central","4641"
"PARKVILLE","VIC","3052","Melbourne","Parkville","4642"
"PRINCES HILL","VIC","3054","Melbourne","Princes Hill","4630"
"RICHMOND","VIC","3121","Melbourne","Richmond","4677"
"RICHMOND","VIC","3121","Melbourne","Richmond Central","4643"
"RICHMOND","VIC","3121","Melbourne","Richmond North","4644"
"ABBOTSFORD","VIC","3067","Melbourne","Richmond PPVC","97466"
"RICHMOND","VIC","3121","Melbourne","Richmond West","11893"
"SOUTH YARRA","VIC","3141","Melbourne","South Yarra MELBOURNE PPVC","97463"
"PARKVILLE","VIC","3052","Melbourne","Special Hospital Team 3","4652"
"PARKVILLE","VIC","3052","Melbourne","Special Hospital Team 5","31964"
"PARKVILLE","VIC","3052","Melbourne","Special Hospital Team 6","31965"
"FITZROY","VIC","3065","Melbourne","Special Hospital Team 7","31966"
"DONCASTER EAST","VIC","3109","Menzies","Beverley Hills","4692"
"RINGWOOD","VIC","3134","Menzies","BLV Menzies PPVC","65422"
"BULLEEN","VIC","3105","Menzies","Bulleen","4694"
"CROYDON HILLS","VIC","3136","Menzies","Croydon Hills (Menzies)","3377"
"RINGWOOD","VIC","3134","Menzies","Divisional Office (PREPOLL)","30220"
"DONCASTER EAST","VIC","3109","Menzies","Donburn","4696"
"DONCASTER","VIC","3108","Menzies","Doncaster","4697"
"DONCASTER","VIC","3108","Menzies","Doncaster Central","4698"
"DONCASTER EAST","VIC","3109","Menzies","Doncaster East","4699"
"DONCASTER EAST","VIC","3109","Menzies","Doncaster East PPVC","32953"
"DONCASTER EAST","VIC","3109","Menzies","Doncaster Gardens","4715"
"DONCASTER EAST","VIC","3109","Menzies","Doncaster Heights","4700"
"DONCASTER","VIC","3108","Menzies","Doncaster South","4702"
"DONCASTER","VIC","3108","Menzies","Doncaster West","4703"
"DONVALE","VIC","3111","Menzies","Donvale","3383"
"ELTHAM","VIC","3095","Menzies","Eltham (Menzies)","4704"
"ELTHAM","VIC","3095","Menzies","Eltham East","4705"
"ELTHAM NORTH","VIC","3095","Menzies","Eltham North (Menzies)","4706"
"ELTHAM NORTH","VIC","3095","Menzies","Glendale (Menzies)","93236"
"GREENSBOROUGH","VIC","3088","Menzies","Greensborough MENZIES PPVC","93237"
"DONCASTER EAST","VIC","3109","Menzies","Gumnut Gully","11875"
"HEIDELBERG","VIC","3084","Menzies","Heidelberg MENZIES PPVC","65654"
"RINGWOOD","VIC","3134","Menzies","Kalinda (Menzies)","64394"
"KANGAROO GROUND","VIC","3097","Menzies","Kangaroo Ground (Menzies)","3387"
"TEMPLESTOWE LOWER","VIC","3107","Menzies","Lower Templestowe","4708"
"DONCASTER","VIC","3108","Menzies","Manningham","32894"
"DONCASTER EAST","VIC","3109","Menzies","Milgate","4709"
"MITCHAM NORTH","VIC","3132","Menzies","Mitcham North (Menzies)","65221"
"MONTMORENCY","VIC","3094","Menzies","Montmorency South (Menzies)","93229"
"PARK ORCHARDS","VIC","3114","Menzies","Park Orchards","3396"
"RESEARCH","VIC","3095","Menzies","Research","31788"
"RINGWOOD NORTH","VIC","3134","Menzies","Ringwood MENZIES PPVC","58638"
"RINGWOOD NORTH","VIC","3134","Menzies","Ringwood North (Menzies)","3401"
"ELTHAM NORTH","VIC","3095","Menzies","St Helena (Menzies)","93231"
"TEMPLESTOWE","VIC","3106","Menzies","Serpell","4710"
"TEMPLESTOWE","VIC","3106","Menzies","Templestowe","4711"
"TEMPLESTOWE LOWER","VIC","3107","Menzies","Templestowe Heights","4712"
"TEMPLESTOWE","VIC","3106","Menzies","Templestowe Park","4713"
"TEMPLESTOWE LOWER","VIC","3107","Menzies","Templestowe Valley","4714"
"TEMPLESTOWE LOWER","VIC","3107","Menzies","Templestowe West","83724"
"DONCASTER EAST","VIC","3109","Menzies","The Pines","11876"
"DONVALE","VIC","3111","Menzies","Tunstall","3404"
"WARRANDYTE","VIC","3113","Menzies","Warrandyte","3405"
"NORTH WARRANDYTE","VIC","3113","Menzies","Warrandyte North","3406"
"WARRANWOOD","VIC","3134","Menzies","Warranwood (Menzies)","31844"
"WONGA PARK","VIC","3115","Menzies","Wonga Park","3409"
"BULLEEN","VIC","3105","Menzies","Yarraleen","4716"
"CROYDON NORTH","VIC","3136","Menzies","Yarra Road (Menzies)","93241"
"ARAWATA","VIC","3951","Monash","Arawata","3716"
"BASS","VIC","3991","Monash","Bass","3614"
"BAYLES","VIC","3981","Monash","Bayles","3616"
"BENA","VIC","3946","Monash","Bena","3722"
"BUNYIP","VIC","3815","Monash","Bunyip","4385"
"CORINELLA","VIC","3984","Monash","Corinella","3622"
"COWES","VIC","3922","Monash","Cowes","3623"
"COWES","VIC","3922","Monash","Cowes PPVC","46625"
"CRANBOURNE","VIC","3977","Monash","Cranbourne MONASH PPVC","93025"
"DROUIN","VIC","3818","Monash","Drouin","4391"
"DROUIN","VIC","3818","Monash","Drouin Central","83698"
"DROUIN SOUTH","VIC","3818","Monash","Drouin South","3750"
"DROUIN","VIC","3818","Monash","Drouin Summerhill","64676"
"DROUIN WEST","VIC","3818","Monash","Drouin West","4392"
"GARFIELD","VIC","3814","Monash","Garfield","4395"
"GRANTVILLE","VIC","3984","Monash","Grantville","3634"
"KERNOT","VIC","3979","Monash","Kernot","32326"
"KOO WEE RUP","VIC","3981","Monash","Kooweerup","3637"
"KORUMBURRA","VIC","3950","Monash","Korumburra","3777"
"LABERTOUCHE","VIC","3816","Monash","Labertouche","4400"
"LANG LANG","VIC","3984","Monash","Lang Lang","3639"
"LOCH","VIC","3945","Monash","Loch","3641"
"LONGWARRY","VIC","3816","Monash","Longwarry","4403"
"MARYKNOLL","VIC","3812","Monash","Maryknoll","4890"
"NYORA","VIC","3987","Monash","Nyora","3648"
"PAKENHAM","VIC","3810","Monash","Pakenham MONASH PPVC","93057"
"POOWONG","VIC","3988","Monash","Poowong","3650"
"RHYLL","VIC","3923","Monash","Rhyll","3654"
"TYNONG","VIC","3813","Monash","Tynong","4433"
"BROADFORD","VIC","3658","Nicholls","Broadford (Nicholls)","4315"
"MILL PARK","VIC","3082","Scullin","Blossom Park","33109"
"BUNDOORA","VIC","3083","Scullin","BLV Scullin PPVC","65461"
"BUNDOORA","VIC","3083","Scullin","Divisional Office (PREPOLL)","30223"
"EPPING","VIC","3076","Scullin","Epping","4321"
"EPPING","VIC","3076","Scullin","Epping East","4322"
"EPPING","VIC","3076","Scullin","Epping North","66012"
"EPPING","VIC","3076","Scullin","Epping South","11649"
"EPPING","VIC","3076","Scullin","Epping Views","47750"
"EPPING","VIC","3076","Scullin","Epping West","83631"
"MILL PARK","VIC","3082","Scullin","Findon","8899"
"GREENSBOROUGH","VIC","3088","Scullin","Greensborough SCULLIN PPVC","97520"
"BUNDOORA","VIC","3083","Scullin","Grimshaw (Scullin)","93348"
"LALOR","VIC","3075","Scullin","Lalor","4855"
"THOMASTOWN","VIC","3074","Scullin","Lalor East","4856"
"LALOR","VIC","3075","Scullin","Lalor North","4857"
"LALOR","VIC","3075","Scullin","Lalor Park","4858"
"THOMASTOWN","VIC","3074","Scullin","Lalor South","83689"
"LALOR","VIC","3075","Scullin","Lalor West","4859"
"EPPING","VIC","3076","Scullin","Meadowglen","31767"
"MERNDA","VIC","3754","Scullin","Mernda (Scullin)","93305"
"MERNDA","VIC","3754","Scullin","Mernda Central (Scullin)","82922"
"MERNDA","VIC","3754","Scullin","Mernda Park (Scullin)","82923"
"MERNDA","VIC","3754","Scullin","Mernda South (Scullin)","93340"
"MILL PARK","VIC","3082","Scullin","Mill Park","4345"
"MILL PARK","VIC","3082","Scullin","Mill Park Heights","11890"
"SOUTH MORANG","VIC","3752","Scullin","Mill Park Lakes","34245"
"SOUTH MORANG","VIC","3752","Scullin","Mill Park Lakes East","65491"
"MILL PARK","VIC","3082","Scullin","Mill Park SCULLIN PPVC","65680"
"MILL PARK","VIC","3082","Scullin","Mill Park West","83686"
"BUNDOORA","VIC","3083","Scullin","Norris Bank (Scullin)","4861"
"SOUTH MORANG","VIC","3752","Scullin","South Morang","4349"
"SOUTH MORANG","VIC","3752","Scullin","South Morang SCULLIN PPVC","46761"
"MILL PARK","VIC","3082","Scullin","The Stables","4365"
"THOMASTOWN","VIC","3074","Scullin","Thomastown","4862"
"THOMASTOWN","VIC","3074","Scullin","Thomastown East","4863"
"THOMASTOWN","VIC","3074","Scullin","Thomastown Heights","31768"
"THOMASTOWN","VIC","3074","Scullin","Thomastown Meadows","4864"
"THOMASTOWN","VIC","3074","Scullin","Thomastown West","4865"
"WOLLERT","VIC","3750","Scullin","Wollert South","83636"
"BRUNSWICK","VIC","3056","Wills","Anstey","5086"
"ESSENDON FIELDS","VIC","3041","Wills","BLV Wills PPVC","65462"
"BRUNSWICK EAST","VIC","3057","Wills","Brunswick East (Wills)","4616"
"BRUNSWICK WEST","VIC","3055","Wills","Brunswick North","5088"
"BRUNSWICK EAST","VIC","3057","Wills","Brunswick North East","5089"
"BRUNSWICK WEST","VIC","3055","Wills","Brunswick North West","5090"
"BRUNSWICK","VIC","3056","Wills","Brunswick South","4617"
"BRUNSWICK EAST","VIC","3057","Wills","Brunswick South East (Wills)","4618"
"BRUNSWICK WEST","VIC","3055","Wills","Brunswick South West","4619"
"COBURG","VIC","3058","Wills","Coburg","5091"
"COBURG","VIC","3058","Wills","Coburg East","5092"
"COBURG","VIC","3058","Wills","Coburg North","5093"
"COBURG","VIC","3058","Wills","Coburg South","5094"
"COBURG","VIC","3058","Wills","Coburg West","5096"
"ESSENDON FIELDS","VIC","3041","Wills","Divisional Office (PREPOLL)","30225"
"ESSENDON","VIC","3040","Wills","Essendon WILLS PPVC","58752"
"FAWKNER","VIC","3060","Wills","Fawkner East","4846"
"FAWKNER","VIC","3060","Wills","Fawkner North","4847"
"PASCOE VALE","VIC","3044","Wills","Gaffney","83805"
"GLENROY","VIC","3046","Wills","Glenroy","4848"
"GLENROY","VIC","3046","Wills","Glenroy North","4851"
"GLENROY","VIC","3046","Wills","Glenroy West","4591"
"GLENROY","VIC","3046","Wills","Glenroy WILLS PPVC","34056"
"GLENROY","VIC","3046","Wills","Gowrie Park","4852"
"PASCOE VALE","VIC","3044","Wills","Hadfield","4853"
"COBURG NORTH","VIC","3058","Wills","Lake Park (Wills)","5101"
"MELBOURNE","VIC","3000","Wills","Melbourne (Wills)","32909"
"MELBOURNE","VIC","3000","Wills","Melbourne Central WILLS PPVC","97515"
"MELBOURNE","VIC","3000","Wills","Melbourne WILLS PPVC","83927"
"BRUNSWICK WEST","VIC","3055","Wills","Melville","5102"
"COBURG","VIC","3058","Wills","Merlynston","5103"
"FITZROY NORTH","VIC","3068","Wills","Merri (Wills)","93494"
"BRUNSWICK","VIC","3056","Wills","Mitchell","5104"
"FAWKNER","VIC","3060","Wills","Moomba Park","4860"
"COBURG","VIC","3058","Wills","Moreland","5105"
"COBURG","VIC","3058","Wills","Murray (Wills)","5106"
"THORNBURY","VIC","3071","Wills","Northcote WILLS PPVC","64642"
"OAK PARK","VIC","3046","Wills","Oak Park","5108"
"PASCOE VALE","VIC","3044","Wills","Pascoe Vale","5109"
"PASCOE VALE SOUTH","VIC","3044","Wills","Pascoe Vale Central","5110"
"PASCOE VALE","VIC","3044","Wills","Pascoe Vale North","5111"
"PASCOE VALE SOUTH","VIC","3044","Wills","Pascoe Vale South","5112"
"OAK PARK","VIC","3046","Wills","Pascoe Vale West","5113"
"STRATHMORE","VIC","3041","Wills","Strathmore North (Wills)","93493"
"THORNBURY","VIC","3071","Wills","Thornbury WILLS PPVC","82772"
